parent_sku,child_sku,"Finish Options","Color Temperature (CCT)"
LT-CMED-111-15,LT-CMED-111-15-927-WH,White,2700K
LT-CMED-111-15,LT-CMED-111-15-927-BK,Black,2700K
LT-CMED-111-15,LT-CMED-111-15-927-BN,"Brush Nickel",2700K
LT-CMED-111-15,LT-CMED-111-15-927-SN,"Satin Nickel",2700K
LT-CMED-111-15,LT-CMED-111-15-927-C,Chrome,2700K
LT-CMED-111-15,LT-CMED-111-15-930-WH,White,3000K
LT-CMED-111-15,LT-CMED-111-15-930-BK,Black,3000K
LT-CMED-111-15,LT-CMED-111-15-930-BN,"Brush Nickel",3000K
LT-CMED-111-15,LT-CMED-111-15-930-SN,"Satin Nickel",3000K
LT-CMED-111-15,LT-CMED-111-15-930-C,Chrome,3000K
LT-CMED-111-15,LT-CMED-111-15-935-WH,White,3500K
LT-CMED-111-15,LT-CMED-111-15-935-BK,Black,3500K
LT-CMED-111-15,LT-CMED-111-15-935-BN,"Brush Nickel",3500K
LT-CMED-111-15,LT-CMED-111-15-935-SN,"Satin Nickel",3500K
LT-CMED-111-15,LT-CMED-111-15-935-C,Chrome,3500K
LT-CMED-111-15,LT-CMED-111-15-940-WH,White,4000K
LT-CMED-111-15,LT-CMED-111-15-940-BK,Black,4000K
LT-CMED-111-15,LT-CMED-111-15-940-BN,"Brush Nickel",4000K
LT-CMED-111-15,LT-CMED-111-15-940-SN,"Satin Nickel",4000K
LT-CMED-111-15,LT-CMED-111-15-940-C,Chrome,4000K
LT-CMED-114-23,LT-CMED-114-23-927-WH,White,2700K
LT-CMED-114-23,LT-CMED-114-23-927-BK,Black,2700K
LT-CMED-114-23,LT-CMED-114-23-927-BN,"Brushed Nickel",2700K
LT-CMED-114-23,LT-CMED-114-23-927-SN,"Satin Nickel",2700K
LT-CMED-114-23,LT-CMED-114-23-927-C,Chrome,2700K
LT-CMED-114-23,LT-CMED-114-23-930-WH,White,3000K
LT-CMED-114-23,LT-CMED-114-23-930-BK,Black,3000K
LT-CMED-114-23,LT-CMED-114-23-930-BN,"Brushed Nickel",3000K
LT-CMED-114-23,LT-CMED-114-23-930-SN,"Satin Nickel",3000K
LT-CMED-114-23,LT-CMED-114-23-930-C,Chrome,3000K
LT-CMED-114-23,LT-CMED-114-23-935-WH,White,3500K
LT-CMED-114-23,LT-CMED-114-23-935-BK,Black,3500K
LT-CMED-114-23,LT-CMED-114-23-935-BN,"Brushed Nickel",3500K
LT-CMED-114-23,LT-CMED-114-23-935-SN,"Satin Nickel",3500K
LT-CMED-114-23,LT-CMED-114-23-935-C,Chrome,3500K
LT-CMED-114-23,LT-CMED-114-23-940-WH,White,4000K
LT-CMED-114-23,LT-CMED-114-23-940-BK,Black,4000K
LT-CMED-114-23,LT-CMED-114-23-940-BN,"Brushed Nickel",4000K
LT-CMED-114-23,LT-CMED-114-23-940-SN,"Satin Nickel",4000K
LT-CMED-114-23,LT-CMED-114-23-940-C,Chrome,4000K
LT-CMED-211-15,LT-CMED-211-15-2700K-WH,White,2700K
LT-CMED-211-15,LT-CMED-211-15-2700K-BK,Black,2700K
LT-CMED-211-15,LT-CMED-211-15-2700K-BN,"Brushed Nickel",2700K
LT-CMED-211-15,LT-CMED-211-15-2700K-SN,"Satin Nickel",2700K
LT-CMED-211-15,LT-CMED-211-15-2700K-C,Chrome,2700K
LT-CMED-211-15,LT-CMED-211-15-3000K-WH,White,3000K
LT-CMED-211-15,LT-CMED-211-15-3000K-BK,Black,3000K
LT-CMED-211-15,LT-CMED-211-15-3000K-BN,"Brushed Nickel",3000K
LT-CMED-211-15,LT-CMED-211-15-3000K-SN,"Satin Nickel",3000K
LT-CMED-211-15,LT-CMED-211-15-3000K-C,Chrome,3000K
LT-CMED-211-15,LT-CMED-211-15-3500K-WH,White,3500K
LT-CMED-211-15,LT-CMED-211-15-3500K-BK,Black,3500K
LT-CMED-211-15,LT-CMED-211-15-3500K-BN,"Brushed Nickel",3500K
LT-CMED-211-15,LT-CMED-211-15-3500K-SN,"Satin Nickel",3500K
LT-CMED-211-15,LT-CMED-211-15-3500K-C,Chrome,3500K
LT-CMED-211-15,LT-CMED-211-15-4000K-WH,White,4000K
LT-CMED-211-15,LT-CMED-211-15-4000K-BK,Black,4000K
LT-CMED-211-15,LT-CMED-211-15-4000K-BN,"Brushed Nickel",4000K
LT-CMED-211-15,LT-CMED-211-15-4000K-SN,"Satin Nickel",4000K
LT-CMED-211-15,LT-CMED-211-15-4000K-C,Chrome,4000K
LT-CMED-214-23,LT-CMED-214-23-2700K-WH,White,2700K
LT-CMED-214-23,LT-CMED-214-23-2700K-BK,Black,2700K
LT-CMED-214-23,LT-CMED-214-23-2700K-BN,"Brush Nickel",2700K
LT-CMED-214-23,LT-CMED-214-23-2700K-SN,"Satin Nickel",2700K
LT-CMED-214-23,LT-CMED-214-23-2700K-C,Chrome,2700K
LT-CMED-214-23,LT-CMED-214-23-3000K-WH,White,3000K
LT-CMED-214-23,LT-CMED-214-23-3000K-BK,Black,3000K
LT-CMED-214-23,LT-CMED-214-23-3000K-BN,"Brush Nickel",3000K
LT-CMED-214-23,LT-CMED-214-23-3000K-SN,"Satin Nickel",3000K
LT-CMED-214-23,LT-CMED-214-23-3000K-C,Chrome,3000K
LT-CMED-214-23,LT-CMED-214-23-3500K-WH,White,3500K
LT-CMED-214-23,LT-CMED-214-23-3500K-BK,Black,3500K
LT-CMED-214-23,LT-CMED-214-23-3500K-BN,"Brush Nickel",3500K
LT-CMED-214-23,LT-CMED-214-23-3500K-SN,"Satin Nickel",3500K
LT-CMED-214-23,LT-CMED-214-23-3500K-C,Chrome,3500K
LT-CMED-214-23,LT-CMED-214-23-4000K-WH,White,4000K
LT-CMED-214-23,LT-CMED-214-23-4000K-BK,Black,4000K
LT-CMED-214-23,LT-CMED-214-23-4000K-BN,"Brush Nickel",4000K
LT-CMED-214-23,LT-CMED-214-23-4000K-SN,"Satin Nickel",4000K
LT-CMED-214-23,LT-CMED-214-23-4000K-C,Chrome,4000K
LT-CMED216,LT-CMED216-WH-2700K,White,2700K
LT-CMED216,LT-CMED216-WH-3000K,White,3000K
LT-CMED216,LT-CMED216-WH-3500K,White,3500K
LT-CMED216,LT-CMED216-WH-4000K,White,4000K
LT-CMED216,LT-CMED216-BK-2700K,Black,2700K
LT-CMED216,LT-CMED216-BK-3000K,Black,3000K
LT-CMED216,LT-CMED216-BK-3500K,Black,3500K
LT-CMED216,LT-CMED216-BK-4000K,Black,4000K
LT-CMED216,LT-CMED216-BN-2700K,"Brushed Nickel",2700K
LT-CMED216,LT-CMED216-BN-3000K,"Brushed Nickel",3000K
LT-CMED216,LT-CMED216-BN-3500K,"Brushed Nickel",3500K
LT-CMED216,LT-CMED216-BN-4000K,"Brushed Nickel",4000K
LT-CMED216,LT-CMED216-SN-2700K,"Satin Nickel",2700K
LT-CMED216,LT-CMED216-SN-3000K,"Satin Nickel",3000K
LT-CMED216,LT-CMED216-SN-3500K,"Satin Nickel",3500K
LT-CMED216,LT-CMED216-SN-4000K,"Satin Nickel",4000K
LT-CMED216,LT-CMED216-C-2700K,Chrome,2700K
LT-CMED216,LT-CMED216-C-3000K,Chrome,3000K
LT-CMED216,LT-CMED216-C-3500K,Chrome,3500K
LT-CMED216,LT-CMED216-C-4000K,Chrome,4000K
LT-CMED412,LT-CMED412-WH-2700K,White,2700K
LT-CMED412,LT-CMED412-WH-3000K,White,3000K
LT-CMED412,LT-CMED412-WH-3500K,White,3500K
LT-CMED412,LT-CMED412-WH-4000K,White,4000K
LT-CMED412,LT-CMED412-BK-2700K,Black,2700K
LT-CMED412,LT-CMED412-BK-3000K,Black,3000K
LT-CMED412,LT-CMED412-BK-3500K,Black,3500K
LT-CMED412,LT-CMED412-BK-4000K,Black,4000K
LT-CMED412,LT-CMED412-BN-2700K,"Brushed Nickel",2700K
LT-CMED412,LT-CMED412-BN-3000K,"Brushed Nickel",3000K
LT-CMED412,LT-CMED412-BN-3500K,"Brushed Nickel",3500K
LT-CMED412,LT-CMED412-BN-4000K,"Brushed Nickel",4000K
LT-CMED412,LT-CMED412-SN-2700K,"Satin Nickel",2700K
LT-CMED412,LT-CMED412-SN-3000K,"Satin Nickel",3000K
LT-CMED412,LT-CMED412-SN-3500K,"Satin Nickel",3500K
LT-CMED412,LT-CMED412-SN-4000K,"Satin Nickel",4000K
LT-CMED412,LT-CMED412-C-2700K,Chrome,2700K
LT-CMED412,LT-CMED412-C-3000K,Chrome,3000K
LT-CMED412,LT-CMED412-C-3500K,Chrome,3500K
LT-CMED412,LT-CMED412-C-4000K,Chrome,4000K
LT-CMED414,LT-CMED414-WH-2700K,White,2700K
LT-CMED414,LT-CMED414-WH-3000K,White,3000K
LT-CMED414,LT-CMED414-WH-3500K,White,3500K
LT-CMED414,LT-CMED414-WH-4000K,White,4000K
LT-CMED414,LT-CMED414-BK-2700K,Black,2700K
LT-CMED414,LT-CMED414-BK-3000K,Black,3000K
LT-CMED414,LT-CMED414-BK-3500K,Black,3500K
LT-CMED414,LT-CMED414-BK-4000K,Black,4000K
LT-CMED414,LT-CMED414-BN-2700K,"Brushed Nickel",2700K
LT-CMED414,LT-CMED414-BN-3000K,"Brushed Nickel",3000K
LT-CMED414,LT-CMED414-BN-3500K,"Brushed Nickel",3500K
LT-CMED414,LT-CMED414-BN-4000K,"Brushed Nickel",4000K
LT-CMED414,LT-CMED414-SN-2700K,"Satin Nickel",2700K
LT-CMED414,LT-CMED414-SN-3000K,"Satin Nickel",3000K
LT-CMED414,LT-CMED414-SN-3500K,"Satin Nickel",3500K
LT-CMED414,LT-CMED414-SN-4000K,"Satin Nickel",4000K
LT-CMED414,LT-CMED414-C-2700K,Chrome,2700K
LT-CMED414,LT-CMED414-C-3000K,Chrome,3000K
LT-CMED414,LT-CMED414-C-3500K,Chrome,3500K
LT-CMED414,LT-CMED414-C-4000K,Chrome,4000K
LT-CMED513,LT-CMED513-WH-2700K,White,2700K
LT-CMED513,LT-CMED513-WH-3000K,White,3000K
LT-CMED513,LT-CMED513-WH-3500K,White,3500K
LT-CMED513,LT-CMED513-WH-4000K,White,4000K
LT-CMED513,LT-CMED513-BK-2700K,Black,2700K
LT-CMED513,LT-CMED513-BK-3000K,Black,3000K
LT-CMED513,LT-CMED513-BK-3500K,Black,3500K
LT-CMED513,LT-CMED513-BK-4000K,Black,4000K
LT-CMED513,LT-CMED513-BN-2700K,"Brushed Nickel",2700K
LT-CMED513,LT-CMED513-BN-3000K,"Brushed Nickel",3000K
LT-CMED513,LT-CMED513-BN-3500K,"Brushed Nickel",3500K
LT-CMED513,LT-CMED513-BN-4000K,"Brushed Nickel",4000K
LT-CMED513,LT-CMED513-SN-2700K,"Satin Nickel",2700K
LT-CMED513,LT-CMED513-SN-3000K,"Satin Nickel",3000K
LT-CMED513,LT-CMED513-SN-3500K,"Satin Nickel",3500K
LT-CMED513,LT-CMED513-SN-4000K,"Satin Nickel",4000K
LT-CMED513,LT-CMED513-C-2700K,Chrome,2700K
LT-CMED513,LT-CMED513-C-3000K,Chrome,3000K
LT-CMED513,LT-CMED513-C-3500K,Chrome,3500K
LT-CMED513,LT-CMED513-C-4000K,Chrome,4000K
LT-CMED515,LT-CMED515-WH-2700K,White,2700K
LT-CMED515,LT-CMED515-WH-3000K,White,3000K
LT-CMED515,LT-CMED515-WH-3500K,White,3500K
LT-CMED515,LT-CMED515-WH-4000K,White,4000K
LT-CMED515,LT-CMED515-BK-2700K,Black,2700K
LT-CMED515,LT-CMED515-BK-3000K,Black,3000K
LT-CMED515,LT-CMED515-BK-3500K,Black,3500K
LT-CMED515,LT-CMED515-BK-4000K,Black,4000K
LT-CMED515,LT-CMED515-BN-2700K,"Brushed Nickel",2700K
LT-CMED515,LT-CMED515-BN-3000K,"Brushed Nickel",3000K
LT-CMED515,LT-CMED515-BN-3500K,"Brushed Nickel",3500K
LT-CMED515,LT-CMED515-BN-4000K,"Brushed Nickel",4000K
LT-CMED515,LT-CMED515-SN-2700K,"Satin Nickel",2700K
LT-CMED515,LT-CMED515-SN-3000K,"Satin Nickel",3000K
LT-CMED515,LT-CMED515-SN-3500K,"Satin Nickel",3500K
LT-CMED515,LT-CMED515-SN-4000K,"Satin Nickel",4000K
LT-CMED515,LT-CMED515-C-2700K,Chrome,2700K
LT-CMED515,LT-CMED515-C-3000K,Chrome,3000K
LT-CMED515,LT-CMED515-C-3500K,Chrome,3500K
LT-CMED515,LT-CMED515-C-4000K,Chrome,4000K
TF-DKSWBMW24L,TF-DKSWBMW24LZ20W2000LDMV-30K-WH,White,3000K
TF-DKSWBMW24L,TF-DKSWBMW24LZ20W2000LDMV-30K-BN,"Brushed Nickel",3000K
TF-DKSWBMW24L,TF-DKSWBMW24LZ20W2000LDMV-30K-BK,Black,3000K
TF-DKSWBMW24L,TF-DKSWBMW24LZ20W2000LDMV-30K-BZ,Bronze,3000K
TF-DKSWBMW24L,TF-DKSWBMW24LZ20W2000LDMV-35K-WH,White,3500K
TF-DKSWBMW24L,TF-DKSWBMW24LZ20W2000LDMV-35K-BN,"Brushed Nickel",3500K
TF-DKSWBMW24L,TF-DKSWBMW24LZ20W2000LDMV-35K-BK,Black,3500K
TF-DKSWBMW24L,TF-DKSWBMW24LZ20W2000LDMV-35K-BZ,Bronze,3500K
TF-DKSWBMW24L,TF-DKSWBMW24LZ20W2000LDMV-40K-WH,White,4000K
TF-DKSWBMW24L,TF-DKSWBMW24LZ20W2000LDMV-40K-BN,"Brushed Nickel",4000K
TF-DKSWBMW24L,TF-DKSWBMW24LZ20W2000LDMV-40K-BK,Black,4000K
TF-DKSWBMW24L,TF-DKSWBMW24LZ20W2000LDMV-40K-BZ,Bronze,4000K
TF-DKSWBMW24L,TF-DKSWBMW24LZ20W2000LDMV-50K-WH,White,5000K
TF-DKSWBMW24L,TF-DKSWBMW24LZ20W2000LDMV-50K-BN,"Brushed Nickel",5000K
TF-DKSWBMW24L,TF-DKSWBMW24LZ20W2000LDMV-50K-BK,Black,5000K
TF-DKSWBMW24L,TF-DKSWBMW24LZ20W2000LDMV-50K-BZ,Bronze,5000K
ML-AIOCSR-A4X8LED210DMV,ML-AIOCSR-A4X8LED210DMV-SA-35H6W5,White,3500K
ML-AIOCSR-A4X8LED210DMV,ML-AIOCSR-A4X8LED210DMV-SA-40H6W5,White,4000K
ML-AIOCSR-A4X8LED210DMV,ML-AIOCSR-A4X8LED210DMV-WH-35H6W5,"Satin Aluminum",3500K
ML-AIOCSR-A4X8LED210DMV,ML-AIOCSR-A4X8LED210DMV-WH-40H6W5,"Satin Aluminum",4000K
TF-PLIN2328X1WHLN18W,TF-PLIN2328X1WHLN18W35-HC401WH,White,3500K
TF-PLIN2328X1WHLN18W,TF-PLIN2328X1WHLN18W35-HC401BL,Black,3500K
TF-PLIN2328X1WHLN18W,TF-PLIN2328X1WHLN18W35-HC401RD,Red,3500K
TF-PLIN2328X1WHLN18W,TF-PLIN2328X1WHLN18W35-HC401IR,Iron,3500K
TF-PLIN2328X1WHLN18W,TF-PLIN2328X1WHLN18W35-HC401SI,Silver,3500K
TF-PLIN2328X1WHLN18W,TF-PLIN2328X1WHLN18W35-HC401BR,Bronze,3500K
TF-PLIN2328X1WHLN18W,TF-PLIN2328X1WHLN18W40-HC401WH,White,4000K
TF-PLIN2328X1WHLN18W,TF-PLIN2328X1WHLN18W40-HC401BL,Black,4000K
TF-PLIN2328X1WHLN18W,TF-PLIN2328X1WHLN18W40-HC401RD,Red,4000K
TF-PLIN2328X1WHLN18W,TF-PLIN2328X1WHLN18W40-HC401IR,Iron,4000K
TF-PLIN2328X1WHLN18W,TF-PLIN2328X1WHLN18W40-HC401SI,Silver,4000K
TF-PLIN2328X1WHLN18W,TF-PLIN2328X1WHLN18W40-HC401BR,Bronze,4000K
TF-PLIN2328X1WHLN18W,TF-PLIN2328X1WHLN18W50-HC401WH,White,5000K
TF-PLIN2328X1WHLN18W,TF-PLIN2328X1WHLN18W50-HC401BL,Black,5000K
TF-PLIN2328X1WHLN18W,TF-PLIN2328X1WHLN18W50-HC401RD,Red,5000K
TF-PLIN2328X1WHLN18W,TF-PLIN2328X1WHLN18W50-HC401IR,Iron,5000K
TF-PLIN2328X1WHLN18W,TF-PLIN2328X1WHLN18W50-HC401SI,Silver,5000K
TF-PLIN2328X1WHLN18W,TF-PLIN2328X1WHLN18W50-HC401BR,Bronze,5000K
TF-LVS62328X1,TF-LVS62328X1-WHLN18W-35-HC401WH,White,3500K
TF-LVS62328X1,TF-LVS62328X1-WHLN18W-40-HC401WH,White,4000K
TF-LVS62328X1,TF-LVS62328X1-WHLN18W-50-HC401WH,White,5000K
TF-LVS6232X1,TF-LVS6232X1-WHLN18W-35-HC301WH,White,3500K
TF-LVS6232X1,TF-LVS6232X1-WHLN18W-40-HC301WH,White,4000K
TF-LVS6232X1,TF-LVS6232X1-WHLN18W-50-HC301WH,White,5000K
TF-F1302L23W1900LD120,TF-F1302L23W1900LD120-BK-30K,Black,3000K
TF-F1302L23W1900LD120,TF-F1302L23W1900LD120-BK-40K,Black,4000K
TF-F1302L23W1900LD120,TF-F1302L23W1900LD120-WH-30K,White,3000K
TF-F1302L23W1900LD120,TF-F1302L23W1900LD120-WH-40K,White,4000K
TF-F1302L22W1824LMV,TF-F1302L22W1824LMV-BK-30K,Black,3000K
TF-F1302L22W1824LMV,TF-F1302L22W1824LMV-BK-40K,Black,4000K
TF-F1302L22W1824LMV,TF-F1302L22W1824LMV-WH-30K,White,3000K
TF-F1302L22W1824LMV,TF-F1302L22W1824LMV-WH-40K,White,4000K
TF-LTOPL13W1000LD120,TF-LTOPL13W1000LD120-BK-30K,Black,3000K
TF-LTOPL13W1000LD120,TF-LTOPL13W1000LD120-BK-40K,Black,4000K
TF-LTOPL13W1000LD120,TF-LTOPL13W1000LD120-WH-30K,White,3000K
TF-LTOPL13W1000LD120,TF-LTOPL13W1000LD120-WH-40K,White,4000K
TF-LTOLL13W1000LD120,TF-LTOLL13W1000LD120-BK-30K,Black,3000K
TF-LTOLL13W1000LD120,TF-LTOLL13W1000LD120-BK-40K,Black,4000K
TF-LTOLL13W1000LD120,TF-LTOLL13W1000LD120-WH-30K,White,3000K
TF-LTOLL13W1000LD120,TF-LTOLL13W1000LD120-WH-40K,White,4000K
TF-TOLL13W1000LD120,TF-TOLL13W1000LD120-BK-30K,Black,3000K
TF-TOLL13W1000LD120,TF-TOLL13W1000LD120-BK-40K,Black,4000K
TF-TOLL13W1000LD120,TF-TOLL13W1000LD120-WH-30K,White,3000K
TF-TOLL13W1000LD120,TF-TOLL13W1000LD120-WH-40K,White,4000K
TF-HTLL13W1000LD120,TF-HTLL13W1000LD120-WH-30K,White,3000K
TF-HTLL13W1000LD120,TF-HTLL13W1000LD120-WH-40K,White,4000K
TF-HTLL13W1000LD120,TF-HTLL13W1000LD120-BK-30K,Black,3000K
TF-HTLL13W1000LD120,TF-HTLL13W1000LD120-BK-40K,Black,4000K
TF-HTSL13W1000LD120,TF-HTSL13W1000LD120-WH-30K,White,3000K
TF-HTSL13W1000LD120,TF-HTSL13W1000LD120-WH-40K,White,4000K
TF-HTSL13W1000LD120,TF-HTSL13W1000LD120-BK-30K,Black,3000K
TF-HTSL13W1000LD120,TF-HTSL13W1000LD120-BK-40K,Black,4000K
TF-HTWL13W1000LD120,TF-HTWL13W1000LD120-WH-30K,White,3000K
TF-HTWL13W1000LD120,TF-HTWL13W1000LD120-WH-40K,White,4000K
TF-HTWL13W1000LD120,TF-HTWL13W1000LD120-BK-30K,Black,3000K
TF-HTWL13W1000LD120,TF-HTWL13W1000LD120-BK-40K,Black,4000K
TF-HTPL13W1000LD120,TF-HTPL13W1000LD120-BK-30K,Black,3000K
TF-HTPL13W1000LD120,TF-HTPL13W1000LD120-BK-40K,Black,4000K
TF-HTPL13W1000LD120,TF-HTPL13W1000LD120-WH-30K,White,3000K
TF-HTPL13W1000LD120,TF-HTPL13W1000LD120-WH-40K,White,4000K
TF-HOLL13W1000LD120,TF-HOLL13W1000LD120-BK-30K,Black,3000K
TF-HOLL13W1000LD120,TF-HOLL13W1000LD120-BK-40K,Black,4000K
TF-HOLL13W1000LD120,TF-HOLL13W1000LD120-WH-30K,White,3000K
TF-HOLL13W1000LD120,TF-HOLL13W1000LD120-WH-40K,White,4000K
TF-HOWL13W1000LD120,TF-HOWL13W1000LD120-WH-30K,White,3000K
TF-HOWL13W1000LD120,TF-HOWL13W1000LD120-WH-40K,White,4000K
TF-HOWL13W1000LD120,TF-HOWL13W1000LD120-BK-30K,Black,3000K
TF-HOWL13W1000LD120,TF-HOWL13W1000LD120-BK-40K,Black,4000K
TF-HOPL13W1000LD120,TF-HOPL13W1000LD120-WH-30K,White,3000K
TF-HOPL13W1000LD120,TF-HOPL13W1000LD120-WH-40K,White,4000K
TF-HOPL13W1000LD120,TF-HOPL13W1000LD120-BK-30K,Black,3000K
TF-HOPL13W1000LD120,TF-HOPL13W1000LD120-BK-40K,Black,4000K
TF-AOWL13W1000LD120,TF-AOWL13W1000LD120-BK-30K,Black,3000K
TF-AOWL13W1000LD120,TF-AOWL13W1000LD120-BK-40K,Black,4000K
TF-AOWL13W1000LD120,TF-AOWL13W1000LD120-WH-30K,White,3000K
TF-AOWL13W1000LD120,TF-AOWL13W1000LD120-WH-40K,White,4000K
TF-AOPL13W1000LD120,TF-AOPL13W1000LD120-WH-30K,White,3000K
TF-AOPL13W1000LD120,TF-AOPL13W1000LD120-WH-40K,White,4000K
TF-AOPL13W1000LD120,TF-AOPL13W1000LD120-BK-30K,Black,3000K
TF-AOPL13W1000LD120,TF-AOPL13W1000LD120-BK-40K,Black,4000K
TF-AOLL13W1000LD120,TF-AOLL13W1000LD120-WH-30K,White,3000K
TF-AOLL13W1000LD120,TF-AOLL13W1000LD120-WH-40K,White,4000K
TF-AOLL13W1000LD120,TF-AOLL13W1000LD120-BK-30K,Black,3000K
TF-AOLL13W1000LD120,TF-AOLL13W1000LD120-BK-40K,Black,4000K
TF-SCWL13W1000LD120,TF-SCWL13W1000LD120-BK-30K,Black,3000K
TF-SCWL13W1000LD120,TF-SCWL13W1000LD120-BK-40K,Black,4000K
TF-SCWL13W1000LD120,TF-SCWL13W1000LD120-WH-30K,White,3000K
TF-SCWL13W1000LD120,TF-SCWL13W1000LD120-WH-40K,White,4000K
TF-PRWL13W1000LD120,TF-PRWL13W1000LD120-WH-30K,White,3000K
TF-PRWL13W1000LD120,TF-PRWL13W1000LD120-WH-40K,White,4000K
TF-PRWL13W1000LD120,TF-PRWL13W1000LD120-BK-30K,Black,3000K
TF-PRWL13W1000LD120,TF-PRWL13W1000LD120-BK-40K,Black,4000K
TF-PRPL13W1000LD120,TF-PRPL13W1000LD120-BK-30K,Black,3000K
TF-PRPL13W1000LD120,TF-PRPL13W1000LD120-BK-40K,Black,4000K
TF-PRPL13W1000LD120,TF-PRPL13W1000LD120-WH-30K,White,3000K
TF-PRPL13W1000LD120,TF-PRPL13W1000LD120-WH-40K,White,4000K
TF-PRLL13W1000LD120,TF-PRLL13W1000LD120-BK-30K,Black,3000K
TF-PRLL13W1000LD120,TF-PRLL13W1000LD120-BK-40K,Black,4000K
TF-PRLL13W1000LD120,TF-PRLL13W1000LD120-WH-30K,White,3000K
TF-PRLL13W1000LD120,TF-PRLL13W1000LD120-WH-40K,White,4000K
TF-COPL13W1000LD120,TF-COPL13W1000LD120-BK-30K,Black,3000K
TF-COPL13W1000LD120,TF-COPL13W1000LD120-BK-40K,Black,4000K
TF-COPL13W1000LD120,TF-COPL13W1000LD120-WH-30K,White,3000K
TF-COPL13W1000LD120,TF-COPL13W1000LD120-WH-40K,White,4000K
TF-COLL13W1000LD120,TF-COLL13W1000LD120-BK-30K,Black,3000K
TF-COLL13W1000LD120,TF-COLL13W1000LD120-BK-40K,Black,4000K
TF-COLL13W1000LD120,TF-COLL13W1000LD120-WH-30K,White,3000K
TF-COLL13W1000LD120,TF-COLL13W1000LD120-WH-40K,White,4000K
TF-NOWL13W1000LD120,TF-NOWL13W1000LD120-WH-30K,White,3000K
TF-NOWL13W1000LD120,TF-NOWL13W1000LD120-WH-40K,White,4000K
TF-NOWL13W1000LD120,TF-NOWL13W1000LD120-BK-30K,Black,3000K
TF-NOWL13W1000LD120,TF-NOWL13W1000LD120-BK-40K,Black,4000K
TF-NOWL11W912LMV,TF-NOWL11W912LMV-BK-30K,Black,3000K
TF-NOWL11W912LMV,TF-NOWL11W912LMV-BK-40K,Black,4000K
TF-NOWL11W912LMV,TF-NOWL11W912LMV-WH-30K,White,3000K
TF-NOWL11W912LMV,TF-NOWL11W912LMV-WH-40K,White,4000K
TF-F1303L22W1824LMV,TF-F1303L22W1824LMV-WH-40K,White,4000K
TF-F1303L22W1824LMV,TF-F1303L22W1824LMV-WH-50K,White,5000K
TF-F1303L22W1824LMV,TF-F1303L22W1824LMV-BK-40K,Black,4000K
TF-F1303L22W1824LMV,TF-F1303L22W1824LMV-BK-50K,Black,5000K
TF-F1303L23W1900LD120,TF-F1303L23W1900LD120-WH-30K,White,3000K
TF-F1303L23W1900LD120,TF-F1303L23W1900LD120-WH-40K,White,4000K
TF-F1303L23W1900LD120,TF-F1303L23W1900LD120-BK-30K,Black,3000K
TF-F1303L23W1900LD120,TF-F1303L23W1900LD120-BK-40K,Black,4000K
TF-OUTEYMW15W1200LD120,TF-OUTEYMW15W1200LD120-BK-30K,Black,3000K
TF-OUTEYMW15W1200LD120,TF-OUTEYMW15W1200LD120-BK-40K,Black,4000K
TF-OUTEYMW15W1200LD120,TF-OUTEYMW15W1200LD120-WH-30K,White,3000K
TF-OUTEYMW15W1200LD120,TF-OUTEYMW15W1200LD120-WH-40K,White,4000K
SP-DC018D-2G-C,SP-DC018D-2G-C-3000K-62,"Satin Nickel",3000K
SP-DC018D-2G-C,SP-DC018D-2G-C-3000K-01,"Polish Brass",3000K
SP-DC018D-2G-C,SP-DC018D-2G-C-3000K-06,White,3000K
SP-DC018D-2G-C,SP-DC018D-2G-C-3000K-30,"Oil Rubbed Bronze",3000K
SP-DC018D-2G-C,SP-DC018D-2G-C-4100K-62,"Satin Nickel",4100K
SP-DC018D-2G-C,SP-DC018D-2G-C-4100K-01,"Polish Brass",4100K
SP-DC018D-2G-C,SP-DC018D-2G-C-4100K-06,White,4100K
SP-DC018D-2G-C,SP-DC018D-2G-C-4100K-30,"Oil Rubbed Bronze",4100K
SP-FL02xxD-PD-24,SP-FL02xxD-PD-24-3000K-62,"Satin Nickel",3000K
SP-FL02xxD-PD-24,SP-FL02xxD-PD-24-3000K-01,"Polish Brass",3000K
SP-FL02xxD-PD-24,SP-FL02xxD-PD-24-3000K-06,White,3000K
SP-FL02xxD-PD-24,SP-FL02xxD-PD-24-3000K-30,"Oil Rubbed Bronze",3000K
SP-FL02xxD-PD-24,SP-FL02xxD-PD-24-4000K-62,"Satin Nickel",4000K
SP-FL02xxD-PD-24,SP-FL02xxD-PD-24-4000K-01,"Polish Brass",4000K
SP-FL02xxD-PD-24,SP-FL02xxD-PD-24-4000K-06,White,4000K
SP-FL02xxD-PD-24,SP-FL02xxD-PD-24-4000K-30,"Oil Rubbed Bronze",4000K
SP-3-4310D,SP-3-4310D-05-3000K,Black,3000K
SP-3-4310D,SP-3-4310D-05-3500K,Black,3500K
SP-3-4310D,SP-3-4310D-05-4000K,Black,4000K
SP-3-4310D,SP-3-4310D-05-5000K,Black,5000K
SP-3-4310D,SP-3-4310D-08-3000K,Gray,3000K
SP-3-4310D,SP-3-4310D-08-3500K,Gray,3500K
SP-3-4310D,SP-3-4310D-08-4000K,Gray,4000K
SP-3-4310D,SP-3-4310D-08-5000K,Gray,5000K
DG-VN55QF1X48,DG-VN55QF1X48-4K-Z,Bronze,4000K
DG-VN55QF1X48,DG-VN55QF1X48-4K-W,White,4000K
DG-VN55QF1X48,DG-VN55QF1X48-5K-Z,Bronze,5000K
DG-VN55QF1X48,DG-VN55QF1X48-5K-W,White,5000K
RP-8748,RP-8748WH-90-3K,White,3000K
RP-8748,RP-8748WH-90-4K,White,4000K
RP-8748,RP-8748BN-90-3K,"Brushed Nickel",3000K
RP-8748,RP-8748BN-90-4K,"Brushed Nickel",4000K
RP-8748,RP-8748OB-90-3K,"Oil Rubbed Bronze",3000K
RP-8748,RP-8748OB-90-4K,"Oil Rubbed Bronze",4000K
RP-4329,RP-4329-OB-3K-T,"Oil Rubbed Bronze",3000K
RP-4329,RP-4329-OB-4K-T,"Oil Rubbed Bronze",4000K
RP-4329,RP-4329-WH-3K-T,White,3000K
RP-4329,RP-4329-WH-4K-T,White,4000K
RP-4329,RP-4329-BN-3K-T,"Brushed Nickel",3000K
RP-4329,RP-4329-BN-4K-T,"Brushed Nickel",4000K
LT-CMED511,LT-CMED511-WH-2700K,White,2700K
LT-CMED511,LT-CMED511-WH-3000K,White,3000K
LT-CMED511,LT-CMED511-WH-3500K,White,3500K
LT-CMED511,LT-CMED511-WH-4000K,White,4000K
LT-CMED511,LT-CMED511-BK-2700K,Black,2700K
LT-CMED511,LT-CMED511-BK-3000K,Black,3000K
LT-CMED511,LT-CMED511-BK-3500K,Black,3500K
LT-CMED511,LT-CMED511-BK-4000K,Black,4000K
LT-CMED511,LT-CMED511-BN-2700K,"Brushed Nickel",2700K
LT-CMED511,LT-CMED511-BN-3000K,"Brushed Nickel",3000K
LT-CMED511,LT-CMED511-BN-3500K,"Brushed Nickel",3500K
LT-CMED511,LT-CMED511-BN-4000K,"Brushed Nickel",4000K
LT-CMED511,LT-CMED511-SN-2700K,"Satin Nickel",2700K
LT-CMED511,LT-CMED511-SN-3000K,"Satin Nickel",3000K
LT-CMED511,LT-CMED511-SN-3500K,"Satin Nickel",3500K
LT-CMED511,LT-CMED511-SN-4000K,"Satin Nickel",4000K
LT-CMED511,LT-CMED511-C-2700K,Chrome,2700K
LT-CMED511,LT-CMED511-C-3000K,Chrome,3000K
LT-CMED511,LT-CMED511-C-3500K,Chrome,3500K
LT-CMED511,LT-CMED511-C-4000K,Chrome,4000K
SP-3-4161D,SP-3-4161D-05-3000K,Black,3000K
SP-3-4161D,SP-3-4161D-05-4000K,Black,4000K
SP-3-4161D,SP-3-4161D-05-5000K,Black,5000K
SP-3-4161D,SP-3-4161D-06-3000K,White,3000K
SP-3-4161D,SP-3-4161D-06-4000K,White,4000K
SP-3-4161D,SP-3-4161D-06-5000K,White,5000K
WM-PL12,WM-PL12-30K-WH,White,3000K
WM-PL12,WM-PL12-30K-BK,Black,3000K
WM-PL12,WM-PL12-30K-BN,"Brushed Nickel",3000K
WM-PL12,WM-PL12-40K-WH,White,4000K
WM-PL12,WM-PL12-40K-BK,Black,4000K
WM-PL12,WM-PL12-40K-BN,"Brushed Nickel",4000K
WM-PL12,WM-PL12-50K-WH,White,5000K
WM-PL12,WM-PL12-50K-BK,Black,5000K
WM-PL12,WM-PL12-50K-BN,"Brushed Nickel",5000K
WM-PL12-3KIT,WM-PL12-3KIT-30K-WH,White,3000K
WM-PL12-3KIT,WM-PL12-3KIT-30K-BK,Black,3000K
WM-PL12-3KIT,WM-PL12-3KIT-30K-BN,"Brushed Nickel",3000K
WM-PL12-3KIT,WM-PL12-3KIT-40K-WH,White,4000K
WM-PL12-3KIT,WM-PL12-3KIT-40K-BK,Black,4000K
WM-PL12-3KIT,WM-PL12-3KIT-40K-BN,"Brushed Nickel",4000K
WM-PL12-3KIT,WM-PL12-3KIT-50K-WH,White,5000K
WM-PL12-3KIT,WM-PL12-3KIT-50K-BK,Black,5000K
WM-PL12-3KIT,WM-PL12-3KIT-50K-BN,"Brushed Nickel",5000K
WM-PL12ADJ,WM-PL12ADJ-30K-WH,White,3000K
WM-PL12ADJ,WM-PL12ADJ-30K-BK,Black,3000K
WM-PL12ADJ,WM-PL12ADJ-30K-BN,"Brushed Nicek",3000K
WM-PL12ADJ,WM-PL12ADJ-40K-WH,White,4000K
WM-PL12ADJ,WM-PL12ADJ-40K-BK,Black,4000K
WM-PL12ADJ,WM-PL12ADJ-40K-BN,"Brushed Nicek",4000K
WM-PL12ADJ,WM-PL12ADJ-50K-WH,White,5000K
WM-PL12ADJ,WM-PL12ADJ-50K-BK,Black,5000K
WM-PL12ADJ,WM-PL12ADJ-50K-BN,"Brushed Nicek",5000K
WM-TR1-S-10W,WM-TR1-S-10W-WH-30K,White,3000K
WM-TR1-S-10W,WM-TR1-S-10W-WH-40K,White,4000K
WM-TR1-S-10W,WM-TR1-S-10W-BK-30K,Black,3000K
WM-TR1-S-10W,WM-TR1-S-10W-BK-40K,Black,4000K
WM-T8-EZ4-HL-15W,WM-T8-EZ4-HL-15W-30K-C,Clear,3000K
WM-T8-EZ4-HL-15W,WM-T8-EZ4-HL-15W-30K-F,Frosted,3000K
WM-T8-EZ4-HL-15W,WM-T8-EZ4-HL-15W-35K-C,Clear,3500K
WM-T8-EZ4-HL-15W,WM-T8-EZ4-HL-15W-35K-F,Frosted,3500K
WM-T8-EZ4-HL-15W,WM-T8-EZ4-HL-15W-40K-C,Clear,4000K
WM-T8-EZ4-HL-15W,WM-T8-EZ4-HL-15W-40K-F,Frosted,4000K
WM-T8-EZ4-HL-15W,WM-T8-EZ4-HL-15W-50K-C,Clear,5000K
WM-T8-EZ4-HL-15W,WM-T8-EZ4-HL-15W-50K-F,Frosted,5000K
WM-T8-EZ5-GS-2FT-8W,WM-T8-EZ5-GS-2FT-8W-30K-C,Clear,3000K
WM-T8-EZ5-GS-2FT-8W,WM-T8-EZ5-GS-2FT-8W-30K-F,Frosted,3000K
WM-T8-EZ5-GS-2FT-8W,WM-T8-EZ5-GS-2FT-8W-35K-C,Clear,3500K
WM-T8-EZ5-GS-2FT-8W,WM-T8-EZ5-GS-2FT-8W-35K-F,Frosted,3500K
WM-T8-EZ5-GS-2FT-8W,WM-T8-EZ5-GS-2FT-8W-40K-C,Clear,4000K
WM-T8-EZ5-GS-2FT-8W,WM-T8-EZ5-GS-2FT-8W-40K-F,Frosted,4000K
WM-T8-EZ5-GS-2FT-8W,WM-T8-EZ5-GS-2FT-8W-50K-C,Clear,5000K
WM-T8-EZ5-GS-2FT-8W,WM-T8-EZ5-GS-2FT-8W-50K-F,Frosted,5000K
WM-TR1-R-10W,WM-TR1-R-10W-BK-30K,Black,3000K
WM-TR1-R-10W,WM-TR1-R-10W-BK-40K,Black,4000K
WM-TR1-R-10W,WM-TR1-R-10W-BK-50K,Black,5000K
WM-TR1-R-10W,WM-TR1-R-10W-WH-30K,White,3000K
WM-TR1-R-10W,WM-TR1-R-10W-WH-40K,White,4000K
WM-TR1-R-10W,WM-TR1-R-10W-WH-50K,White,5000K
WM-CDX-55W,WM-CDX-55W-35K-WH,White,3500K
WM-CDX-55W,WM-CDX-55W-35K-BR,Bronze,3500K
WM-CDX-55W,WM-CDX-55W-40K-WH,White,4000K
WM-CDX-55W,WM-CDX-55W-40K-BR,Bronze,4000K
WM-CDX-55W,WM-CDX-55W-50K-WH,White,5000K
WM-CDX-55W,WM-CDX-55W-50K-BR,Bronze,5000K
WM-CDX-35W,WM-CDX-35W-35K-WH,White,3500K
WM-CDX-35W,WM-CDX-35W-35K-BR,Bronze,3500K
WM-CDX-35W,WM-CDX-35W-40K-WH,White,4000K
WM-CDX-35W,WM-CDX-35W-40K-BR,Bronze,4000K
WM-CDX-35W,WM-CDX-35W-50K-WH,White,5000K
WM-CDX-35W,WM-CDX-35W-50K-BR,Bronze,5000K
RP-8523,RP-8523WH-90-3K,White,3000K
RP-8523,RP-8523WH-90-4K,White,4000K
RP-8523,RP-8523BK-90-3K,Black,3000K
RP-8523,RP-8523BK-90-4K,Black,4000K
RP-8523,RP-8523OB-90-3K,Bronze,3000K
RP-8523,RP-8523OB-90-4K,Bronze,4000K
RP-8523,RP-8523BN-90-3K,"Brushed Nickel",3000K
RP-8523,RP-8523BN-90-4K,"Brushed Nickel",4000K
BL-CPLED-3,BL-CPLED-3-4K-WHT-UNV,White,4000K
BL-CPLED-3,BL-CPLED-3-4K-BRZ-UNV,Bronze,4000K
BL-CPLED-3,BL-CPLED-3-5K-WHT-UNV,White,5000K
BL-CPLED-3,BL-CPLED-3-5K-BRZ-UNV,Bronze,5000K
BL-CPLED-5,BL-CPLED-5-4K-WHT-UNV,White,4000K
BL-CPLED-5,BL-CPLED-5-4K-BRZ-UNV,Bronze,4000K
BL-CPLED-5,BL-CPLED-5-5K-WHT-UNV,White,5000K
BL-CPLED-5,BL-CPLED-5-5K-BRZ-UNV,Bronze,5000K
BL-CPLED-7,BL-CPLED-7-4K-WHT-UNV,White,4000K
BL-CPLED-7,BL-CPLED-7-4K-BRZ-UNV,Bronze,4000K
BL-CPLED-7,BL-CPLED-7-5K-WHT-UNV,White,5000K
BL-CPLED-7,BL-CPLED-7-5K-BRZ-UNV,Bronze,5000K
BL-CPLED-13,BL-CPLED-13-4K-WHT-UNV,White,4000K
BL-CPLED-13,BL-CPLED-13-4K-BRZ-UNV,Bronze,4000K
BL-CPLED-13,BL-CPLED-13-5K-WHT-UNV,White,5000K
BL-CPLED-13,BL-CPLED-13-5K-BRZ-UNV,Bronze,5000K
RP-4329-1,RP-4329-1BN-3K,"Brushed Nickel",3000K
RP-4329-1,RP-4329-1BN-4K,"Brushed Nickel",4000K
RP-4329-1,RP-4329-1WH-3K,White,3000K
RP-4329-1,RP-4329-1WH-4K,White,4000K
RP-4330-1,RP-4330-1BN-3K,"Brushed Nickel",3000K
RP-4330-1,RP-4330-1BN-4K,"Brushed Nickel",4000K
RP-4330-1,RP-4330-1WH-3K,White,3000K
RP-4330-1,RP-4330-1WH-4K,White,4000K
SP-3-4161D,SP-3-4161D-05-3000K,Black,3000K
SP-3-4161D,SP-3-4161D-05-4000K,Black,4000K
SP-3-4161D,SP-3-4161D-05-5000K,Black,5000K
SP-3-4161D,SP-3-4161D-06-3000K,White,3000K
SP-3-4161D,SP-3-4161D-06-4000K,White,4000K
SP-3-4161D,SP-3-4161D-06-5000K,White,5000K
WM-PL12,WM-PL12-30K-WH,White,3000K
WM-PL12,WM-PL12-30K-BK,Black,3000K
WM-PL12,WM-PL12-30K-BN,"Brushed Nickel",3000K
WM-PL12,WM-PL12-40K-WH,White,4000K
WM-PL12,WM-PL12-40K-BK,Black,4000K
WM-PL12,WM-PL12-40K-BN,"Brushed Nickel",4000K
WM-PL12,WM-PL12-50K-WH,White,5000K
WM-PL12,WM-PL12-50K-BK,Black,5000K
WM-PL12,WM-PL12-50K-BN,"Brushed Nickel",5000K
WM-PL12-3KIT,WM-PL12-3KIT-30K-WH,White,3000K
WM-PL12-3KIT,WM-PL12-3KIT-30K-BK,Black,3000K
WM-PL12-3KIT,WM-PL12-3KIT-30K-BN,"Brushed Nickel",3000K
WM-PL12-3KIT,WM-PL12-3KIT-40K-WH,White,4000K
WM-PL12-3KIT,WM-PL12-3KIT-40K-BK,Black,4000K
WM-PL12-3KIT,WM-PL12-3KIT-40K-BN,"Brushed Nickel",4000K
WM-PL12-3KIT,WM-PL12-3KIT-50K-WH,White,5000K
WM-PL12-3KIT,WM-PL12-3KIT-50K-BK,Black,5000K
WM-PL12-3KIT,WM-PL12-3KIT-50K-BN,"Brushed Nickel",5000K
WM-PL12ADJ,WM-PL12ADJ-30K-WH,White,3000K
WM-PL12ADJ,WM-PL12ADJ-30K-BK,Black,3000K
WM-PL12ADJ,WM-PL12ADJ-30K-BN,"Brushed Nicek",3000K
WM-PL12ADJ,WM-PL12ADJ-40K-WH,White,4000K
WM-PL12ADJ,WM-PL12ADJ-40K-BK,Black,4000K
WM-PL12ADJ,WM-PL12ADJ-40K-BN,"Brushed Nicek",4000K
WM-PL12ADJ,WM-PL12ADJ-50K-WH,White,5000K
WM-PL12ADJ,WM-PL12ADJ-50K-BK,Black,5000K
WM-PL12ADJ,WM-PL12ADJ-50K-BN,"Brushed Nicek",5000K
WM-TR1-S-10W,WM-TR1-S-10W-WH-30K,White,3000K
WM-TR1-S-10W,WM-TR1-S-10W-WH-40K,White,4000K
WM-TR1-S-10W,WM-TR1-S-10W-BK-30K,Black,3000K
WM-TR1-S-10W,WM-TR1-S-10W-BK-40K,Black,4000K
WM-T8-EZ4-HL-15W,WM-T8-EZ4-HL-15W-30K-C,Clear,3000K
WM-T8-EZ4-HL-15W,WM-T8-EZ4-HL-15W-30K-F,Frosted,3000K
WM-T8-EZ4-HL-15W,WM-T8-EZ4-HL-15W-35K-C,Clear,3500K
WM-T8-EZ4-HL-15W,WM-T8-EZ4-HL-15W-35K-F,Frosted,3500K
WM-T8-EZ4-HL-15W,WM-T8-EZ4-HL-15W-40K-C,Clear,4000K
WM-T8-EZ4-HL-15W,WM-T8-EZ4-HL-15W-40K-F,Frosted,4000K
WM-T8-EZ4-HL-15W,WM-T8-EZ4-HL-15W-50K-C,Clear,5000K
WM-T8-EZ4-HL-15W,WM-T8-EZ4-HL-15W-50K-F,Frosted,5000K
WM-T8-EZ5-GS-2FT-8W,WM-T8-EZ5-GS-2FT-8W-30K-C,Clear,3000K
WM-T8-EZ5-GS-2FT-8W,WM-T8-EZ5-GS-2FT-8W-30K-F,Frosted,3000K
WM-T8-EZ5-GS-2FT-8W,WM-T8-EZ5-GS-2FT-8W-35K-C,Clear,3500K
WM-T8-EZ5-GS-2FT-8W,WM-T8-EZ5-GS-2FT-8W-35K-F,Frosted,3500K
WM-T8-EZ5-GS-2FT-8W,WM-T8-EZ5-GS-2FT-8W-40K-C,Clear,4000K
WM-T8-EZ5-GS-2FT-8W,WM-T8-EZ5-GS-2FT-8W-40K-F,Frosted,4000K
WM-T8-EZ5-GS-2FT-8W,WM-T8-EZ5-GS-2FT-8W-50K-C,Clear,5000K
WM-T8-EZ5-GS-2FT-8W,WM-T8-EZ5-GS-2FT-8W-50K-F,Frosted,5000K
WM-TR1-R-10W,WM-TR1-R-10W-BK-30K,Black,3000K
WM-TR1-R-10W,WM-TR1-R-10W-BK-40K,Black,4000K
WM-TR1-R-10W,WM-TR1-R-10W-BK-50K,Black,5000K
WM-TR1-R-10W,WM-TR1-R-10W-WH-30K,White,3000K
WM-TR1-R-10W,WM-TR1-R-10W-WH-40K,White,4000K
WM-TR1-R-10W,WM-TR1-R-10W-WH-50K,White,5000K
WM-CDX-55W,WM-CDX-55W-35K-WH,White,3500K
WM-CDX-55W,WM-CDX-55W-35K-BR,Bronze,3500K
WM-CDX-55W,WM-CDX-55W-40K-WH,White,4000K
WM-CDX-55W,WM-CDX-55W-40K-BR,Bronze,4000K
WM-CDX-55W,WM-CDX-55W-50K-WH,White,5000K
WM-CDX-55W,WM-CDX-55W-50K-BR,Bronze,5000K
WM-CDX-35W,WM-CDX-35W-35K-WH,White,3500K
WM-CDX-35W,WM-CDX-35W-35K-BR,Bronze,3500K
WM-CDX-35W,WM-CDX-35W-40K-WH,White,4000K
WM-CDX-35W,WM-CDX-35W-40K-BR,Bronze,4000K
WM-CDX-35W,WM-CDX-35W-50K-WH,White,5000K
WM-CDX-35W,WM-CDX-35W-50K-BR,Bronze,5000K
RP-8523,RP-8523WH-90-3K,White,3000K
RP-8523,RP-8523WH-90-4K,White,4000K
RP-8523,RP-8523BK-90-3K,Black,3000K
RP-8523,RP-8523BK-90-4K,Black,4000K
RP-8523,RP-8523OB-90-3K,Bronze,3000K
RP-8523,RP-8523OB-90-4K,Bronze,4000K
RP-8523,RP-8523BN-90-3K,"Brushed Nickel",3000K
RP-8523,RP-8523BN-90-4K,"Brushed Nickel",4000K
BL-CPLED-3,BL-CPLED-3-4K-WHT-UNV,White,4000K
BL-CPLED-3,BL-CPLED-3-4K-BRZ-UNV,Bronze,4000K
BL-CPLED-3,BL-CPLED-3-5K-WHT-UNV,White,5000K
BL-CPLED-3,BL-CPLED-3-5K-BRZ-UNV,Bronze,5000K
BL-CPLED-5,BL-CPLED-5-4K-WHT-UNV,White,4000K
BL-CPLED-5,BL-CPLED-5-4K-BRZ-UNV,Bronze,4000K
BL-CPLED-5,BL-CPLED-5-5K-WHT-UNV,White,5000K
BL-CPLED-5,BL-CPLED-5-5K-BRZ-UNV,Bronze,5000K
BL-CPLED-7,BL-CPLED-7-4K-WHT-UNV,White,4000K
BL-CPLED-7,BL-CPLED-7-4K-BRZ-UNV,Bronze,4000K
BL-CPLED-7,BL-CPLED-7-5K-WHT-UNV,White,5000K
BL-CPLED-7,BL-CPLED-7-5K-BRZ-UNV,Bronze,5000K
BL-CPLED-13,BL-CPLED-13-4K-WHT-UNV,White,4000K
BL-CPLED-13,BL-CPLED-13-4K-BRZ-UNV,Bronze,4000K
BL-CPLED-13,BL-CPLED-13-5K-WHT-UNV,White,5000K
BL-CPLED-13,BL-CPLED-13-5K-BRZ-UNV,Bronze,5000K
RP-4329-1,RP-4329-1BN-3K,"Brushed Nickel",3000K
RP-4329-1,RP-4329-1BN-4K,"Brushed Nickel",4000K
RP-4329-1,RP-4329-1WH-3K,White,3000K
RP-4329-1,RP-4329-1WH-4K,White,4000K
RP-4330-1,RP-4330-1BN-3K,"Brushed Nickel",3000K
RP-4330-1,RP-4330-1BN-4K,"Brushed Nickel",4000K
RP-4330-1,RP-4330-1WH-3K,White,3000K
RP-4330-1,RP-4330-1WH-4K,White,4000K
SP-FL02xxD-PD-54,SP-FL02xxD-PD-54-3000K-62,"Satin Nickel",3000K
SP-FL02xxD-PD-54,SP-FL02xxD-PD-54-3000K-01,"Polish Brass",3000K
SP-FL02xxD-PD-54,SP-FL02xxD-PD-54-3000K-06,White,3000K
SP-FL02xxD-PD-54,SP-FL02xxD-PD-54-3000K-30,"Oil Rubbed Bronze",3000K
SP-FL02xxD-PD-54,SP-FL02xxD-PD-54-4000K-62,"Satin Nickel",4000K
SP-FL02xxD-PD-54,SP-FL02xxD-PD-54-4000K-01,"Polish Brass",4000K
SP-FL02xxD-PD-54,SP-FL02xxD-PD-54-4000K-06,White,4000K
SP-FL02xxD-PD-54,SP-FL02xxD-PD-54-4000K-30,"Oil Rubbed Bronze",4000K
SP-FL02xxD-PD-39,SP-FL02xxD-PD-39-3000K-62,"Satin Nickel",3000K
SP-FL02xxD-PD-39,SP-FL02xxD-PD-39-3000K-01,"Polish Brass",3000K
SP-FL02xxD-PD-39,SP-FL02xxD-PD-39-3000K-06,White,3000K
SP-FL02xxD-PD-39,SP-FL02xxD-PD-39-3000K-30,"Oil Rubbed Bronze",3000K
SP-FL02xxD-PD-39,SP-FL02xxD-PD-39-4000K-62,"Satin Nickel",4000K
SP-FL02xxD-PD-39,SP-FL02xxD-PD-39-4000K-01,"Polish Brass",4000K
SP-FL02xxD-PD-39,SP-FL02xxD-PD-39-4000K-06,White,4000K
SP-FL02xxD-PD-39,SP-FL02xxD-PD-39-4000K-30,"Oil Rubbed Bronze",4000K
TF-L23PSF96LT,TF-L23PSF96LT-90W9000LDMV-30K-WH-HC605WH,"Matte White",3000K
TF-L23PSF96LT,TF-L23PSF96LT-90W9000LDMV-30K-SB-HC605WH,"Satin Brass",3000K
TF-L23PSF96LT,TF-L23PSF96LT-90W9000LDMV-30K-BK-HC605WH,Black,3000K
TF-L23PSF96LT,TF-L23PSF96LT-90W9000LDMV-35K-WH-HC605WH,"Matte White",3500K
TF-L23PSF96LT,TF-L23PSF96LT-90W9000LDMV-35K-SB-HC605WH,"Satin Brass",3500K
TF-L23PSF96LT,TF-L23PSF96LT-90W9000LDMV-35K-BK-HC605WH,Black,3500K
TF-L23PSF96LT,TF-L23PSF96LT-90W9000LDMV-40K-WH-HC605WH,"Matte White",4000K
TF-L23PSF96LT,TF-L23PSF96LT-90W9000LDMV-40K-SB-HC605WH,"Satin Brass",4000K
TF-L23PSF96LT,TF-L23PSF96LT-90W9000LDMV-40K-BK-HC605WH,Black,4000K
TF-L23PSF96LT,TF-L23PSF96LT-90W9000LDMV-50K-WH-HC605WH,"Matte White",5000K
TF-L23PSF96LT,TF-L23PSF96LT-90W9000LDMV-50K-SB-HC605WH,"Satin Brass",5000K
TF-L23PSF96LT,TF-L23PSF96LT-90W9000LDMV-50K-BK-HC605WH,Black,5000K
TF-L23PSF48LT,TF-L23PSF48LT-45W4500LDMV-30K-WH-HC605WH,"Matte White",3000K
TF-L23PSF48LT,TF-L23PSF48LT-45W4500LDMV-30K-SB-HC605WH,"Satin Brass",3000K
TF-L23PSF48LT,TF-L23PSF48LT-45W4500LDMV-30K-BK-HC605WH,Black,3000K
TF-L23PSF48LT,TF-L23PSF48LT-45W4500LDMV-35K-WH-HC605WH,"Matte White",3500K
TF-L23PSF48LT,TF-L23PSF48LT-45W4500LDMV-35K-SB-HC605WH,"Satin Brass",3500K
TF-L23PSF48LT,TF-L23PSF48LT-45W4500LDMV-35K-BK-HC605WH,Black,3500K
TF-L23PSF48LT,TF-L23PSF48LT-45W4500LDMV-40K-WH-HC605WH,"Matte White",4000K
TF-L23PSF48LT,TF-L23PSF48LT-45W4500LDMV-40K-SB-HC605WH,"Satin Brass",4000K
TF-L23PSF48LT,TF-L23PSF48LT-45W4500LDMV-40K-BK-HC605WH,Black,4000K
TF-L23PSF48LT,TF-L23PSF48LT-45W4500LDMV-50K-WH-HC605WH,"Matte White",5000K
TF-L23PSF48LT,TF-L23PSF48LT-45W4500LDMV-50K-SB-HC605WH,"Satin Brass",5000K
TF-L23PSF48LT,TF-L23PSF48LT-45W4500LDMV-50K-BK-HC605WH,Black,5000K
LT-MMT‐S308,LT-MMT‐S308-3090-BK,Black,3000K
LT-MMT‐S308,LT-MMT‐S308-3090-SV,Silver,3000K
LT-MMT‐S308,LT-MMT‐S308-3090-WH,White,3000K
LT-MMT‐S308,LT-MMT‐S308-4090-BK,Black,4000K
LT-MMT‐S308,LT-MMT‐S308-4090-SV,Silver,4000K
LT-MMT‐S308,LT-MMT‐S308-4090-WH,White,4000K
LLL-LL2G,LLL-LLG-27K-WH,White,2700K
LLL-LL2G,LLL-LLG-27K-BK,Black,2700K
LLL-LL2G,LLL-LLG-27K--BN,"Brushed Nickel",2700K
LLL-LL2G,LLL-LLG-30K-WH,White,3000K
LLL-LL2G,LLL-LLG-30K-BK,Black,3000K
LLL-LL2G,LLL-LLG-30K-BN,"Brushed Nickel",3000K
LLL-LL2G,LLL-LLG-40K-WH,White,4100K
LLL-LL2G,LLL-LLG-40K-BK,Black,4100K
LLL-LL2G,LLL-LLG-40K-BN,"Brushed Nickel",4100K
LLL-LRG2-HO,LLL-LRG2-27K-HO-WH,White,2700K
LLL-LRG2-HO,LLL-LRG2-27K-HO-BK,Black,2700K
LLL-LRG2-HO,LLL-LRG2-30K-HO-WH,White,3000K
LLL-LRG2-HO,LLL-LRG2-30K-HO-BK,Black,3000K
LLL-LRG2-HO,LLL-LRG2-40K-HO-WH,White,4000K
LLL-LRG2-HO,LLL-LRG2-40K-HO-BK,Black,4000K
LLL-LRG2-HO,LLL-LRG2-35K-HO-WH,White,3500K
LLL-LRG2-HO,LLL-LRG2-35K-HO-BK,Black,3500K
LLL-LRG2-HO,LLL-LRG2-50K-HO-WH,White,5000K
LLL-LRG2-HO,LLL-LRG2-50K-HO-BK,Black,5000K
LLL-LSG2,LLL-LSG2-27K-WH,White,2700K
LLL-LSG2,LLL-LSG2-27K-BK,Black,2700K
LLL-LSG2,LLL-LSG2-30K-WH,White,3000K
LLL-LSG2,LLL-LSG2-30K-BK,Black,3000K
LLL-LSG2,LLL-LSG2-41K-WH,White,4100K
LLL-LSG2,LLL-LSG2-41K-BK,Black,4100K
LLL-LL3G,LLL-LL3G-27K-WH,White,2700K
LLL-LL3G,LLL-LL3G-27K-BK,Black,2700K
LLL-LL3G,LLL-LL3G-27K-BN,"Brushed Nickel",2700K
LLL-LL3G,LLL-LL3G-30K-WH,White,3000K
LLL-LL3G,LLL-LL3G-30K-BK,Black,3000K
LLL-LL3G,LLL-LL3G-30K-BN,"Brushed Nickel",3000K
LLL-LL3G,LLL-LL3G-41K-WH,White,4100K
LLL-LL3G,LLL-LL3G-41K-BK,Black,4100K
LLL-LL3G,LLL-LL3G-41K-BN,"Brushed Nickel",4100K
LLL-LL3G,LLL-LL3G-35K-WH,White,3500K
LLL-LL3G,LLL-LL3G-35K-BK,Black,3500K
LLL-LL3G,LLL-LL3G-35K-BN,"Brushed Nickel",3500K
LLL-LL3G,LLL-LL3G-50K-WH,White,5000K
LLL-LL3G,LLL-LL3G-50K-BK,Black,5000K
LLL-LL3G,LLL-LL3G-50K-BN,"Brushed Nickel",5000K
LLL-LRG3,LLL-LRG3-27K-WH,White,2700K
LLL-LRG3,LLL-LRG3-27K-BL,Black,2700K
LLL-LRG3,LLL-LRG3-30K-WH,White,3000K
LLL-LRG3,LLL-LRG3-30K-BL,Black,3000K
LLL-LRG3,LLL-LRG3-40K-WH,White,40000K
LLL-LRG3,LLL-LRG3-40K-BL,Black,40000K
LLL-LRG3,LLL-LRG3-35K-WH,White,3500K
LLL-LRG3,LLL-LRG3-35K-BL,Black,3500K
LLL-LRG3,LLL-LRG3-50K-WH,White,5000K
LLL-LRG3,LLL-LRG3-50K-BL,Black,5000K
LLL-LSG3,LLL-LSG3-27K-WH,White,2700K
LLL-LSG3,LLL-LSG3-27K-BK,Black,2700K
LLL-LSG3,LLL-LSG3-30K-WH,White,3000K
LLL-LSG3,LLL-LSG3-30K-BK,Black,3000K
LLL-LSG3,LLL-LSG3-40K-WH,White,4000K
LLL-LSG3,LLL-LSG3-40K-BK,Black,4000K
LLL-LSG3,LLL-LSG3-35K-WH,White,3500K
LLL-LSG3,LLL-LSG3-35K-BK,Black,3500K
LLL-LSG3,LLL-LSG3-50K-WH,White,5000K
LLL-LSG3,LLL-LSG3-50K-BK,Black,5000K
LLL-LY6S,LLL-LY6S-30K-WH,White,3000K
LLL-LY6S,LLL-LY6S-30K-BK,Black,3000K
LLL-LY6S,LLL-LY6S-41K-WH,White,4100K
LLL-LY6S,LLL-LY6S-41K-BK,Black,4100K
LLL-LL6SRG,LLL-LL6SRG-27K-WH,White,2700K
LLL-LL6SRG,LLL-LL6SRG-27K-BK,Black,2700K
LLL-LL6SRG,LLL-LL6SRG-30K-WH,White,3000K
LLL-LL6SRG,LLL-LL6SRG-30K-BK,Black,3000K
LLL-LL6SRG,LLL-LL6SRG-41K-WH,White,4100K
LLL-LL6SRG,LLL-LL6SRG-41K-BK,Black,4100K
LLL-LL4G,LLL-LL4G-27K-WH,White,2700K
LLL-LL4G,LLL-LL4G-27K-BK,Black,2700K
LLL-LL4G,LLL-LL4G-27K-BN,"Brushed Nickel",2700K
LLL-LL4G,LLL-LL4G-30K-WH,White,3000K
LLL-LL4G,LLL-LL4G-30K-BK,Black,3000K
LLL-LL4G,LLL-LL4G-30K-BN,"Brushed Nickel",3000K
LLL-LL4G,LLL-LL4G-41K-WH,White,4100K
LLL-LL4G,LLL-LL4G-41K-BK,Black,4100K
LLL-LL4G,LLL-LL4G-41K-BN,"Brushed Nickel",4100K
LLL-LL4G,LLL-LL4G-35K-WH,White,3500K
LLL-LL4G,LLL-LL4G-35K-BK,Black,3500K
LLL-LL4G,LLL-LL4G-35K-BN,"Brushed Nickel",3500K
LLL-LL4G,LLL-LL4G-50K-WH,White,5000K
LLL-LL4G,LLL-LL4G-50K-BK,Black,5000K
LLL-LL4G,LLL-LL4G-50K-BN,"Brushed Nickel",5000K
LLL-LL4G-HO,LLL-LLG4-27K-HO-WH,White,2700K
LLL-LL4G-HO,LLL-LLG4-27K-HO-BK,Black,2700K
LLL-LL4G-HO,LLL-LLG4-27K-HO-BN,"Brushed Nickel",2700K
LLL-LL4G-HO,LLL-LLG4-30K-HO-WH,White,3000K
LLL-LL4G-HO,LLL-LLG4-30K-HO-BK,Black,3000K
LLL-LL4G-HO,LLL-LLG4-30K-HO-BN,"Brushed Nickel",3000K
LLL-LL4G-HO,LLL-LLG4-41K-HO-WH,White,4100K
LLL-LL4G-HO,LLL-LLG4-41K-HO-BK,Black,4100K
LLL-LL4G-HO,LLL-LLG4-41K-HO-BN,"Brushed Nickel",4100K
LLL-LL4G-HO,LLL-LLG4-35K-HO-WH,White,3500K
LLL-LL4G-HO,LLL-LLG4-35K-HO-BK,Black,3500K
LLL-LL4G-HO,LLL-LLG4-35K-HO-BN,"Brushed Nickel",3500K
LLL-LL4G-HO,LLL-LLG4-50K-HO-WH,White,5000K
LLL-LL4G-HO,LLL-LLG4-50K-HO-BK,Black,5000K
LLL-LL4G-HO,LLL-LLG4-50K-HO-BN,"Brushed Nickel",5000K
LLL-LRG4,LLL-LRG4-27K-WH,White,2700K
LLL-LRG4,LLL-LRG4-27K-BK,Black,2700K
LLL-LRG4,LLL-LRG4-30K-WH,White,3000K
LLL-LRG4,LLL-LRG4-30K-BK,Black,3000K
LLL-LRG4,LLL-LRG4-35K-WH,White,3500K
LLL-LRG4,LLL-LRG4-35K-BK,Black,3500K
LLL-LRG4,LLL-LRG4-41K-WH,White,4100K
LLL-LRG4,LLL-LRG4-41K-BK,Black,4100K
LLL-LRG4,LLL-LRG4-50K-WH,White,5000K
LLL-LRG4,LLL-LRG4-50K-BK,Black,5000K
LLL-LL6RRG,LLL-LL6RRG-27K-WH,White,2700K
LLL-LL6RRG,LLL-LL6RRG-27K-BK,Black,2700K
LLL-LL6RRG,LLL-LL6RRG-30K-WH,White,3000K
LLL-LL6RRG,LLL-LL6RRG-30K-BK,Black,3000K
LLL-LL6RRG,LLL-LL6RRG-41K-WH,White,4100K
LLL-LL6RRG,LLL-LL6RRG-41K-BK,Black,4100K
WM-CRES-51,WM-CRES-51-30K-BR,Bronze,3000K
WM-CRES-51,WM-CRES-51-30K-SIL,Silver,3000K
WM-CRES-51,WM-CRES-51-40K-BR,Bronze,4000K
WM-CRES-51,WM-CRES-51-40K-SIL,Silver,4000K
WM-CRES-51,WM-CRES-51-50K-BR,Bronze,5000K
WM-CRES-51,WM-CRES-51-50K-SIL,Silver,5000K
WM-CRE-01,WM-CRE-01-30K-BR,Bronze,3000K
WM-CRE-01,WM-CRE-01-30K-SIL,Silver,3000K
WM-CRE-01,WM-CRE-01-40K-BR,Bronze,4000K
WM-CRE-01,WM-CRE-01-40K-SIL,Silver,4000K
WM-CRE-01,WM-CRE-01-50K-BR,Bronze,5000K
WM-CRE-01,WM-CRE-01-50K-SIL,Silver,5000K
WM-CRE-03,WM-CRE-03-30K-BR,"Dark Bronze",3000K
WM-CRE-03,WM-CRE-03-30K-SIL,Silver,3000K
WM-CRE-03,WM-CRE-03-40K-BR,"Dark Bronze",4000K
WM-CRE-03,WM-CRE-03-40K-SIL,Silver,4000K
WM-CRE-03,WM-CRE-03-50K-BR,"Dark Bronze",5000K
WM-CRE-03,WM-CRE-03-50K-SIL,Silver,5000K
WM-CRE-06,WM-CRE-06-30K-BR,"Dark Bronze",3000K
WM-CRE-06,WM-CRE-06-30K-SIL,Silver,3000K
WM-CRE-06,WM-CRE-06-40K-BR,"Dark Bronze",4000K
WM-CRE-06,WM-CRE-06-40K-SIL,Silver,4000K
WM-CRE-06,WM-CRE-06-50K-BR,"Dark Bronze",5000K
WM-CRE-06,WM-CRE-06-50K-SIL,Silver,5000K
WM-CRE-08,WM-CRE-08-30K-BR,"Dark Bronze",3000K
WM-CRE-08,WM-CRE-08-30K-SIL,Silver,3000K
WM-CRE-08,WM-CRE-08-40K-BR,"Dark Bronze",4000K
WM-CRE-08,WM-CRE-08-40K-SIL,Silver,4000K
WM-CRE-08,WM-CRE-08-50K-BR,"Dark Bronze",5000K
WM-CRE-08,WM-CRE-08-50K-SIL,Silver,5000K
WM-CRE-07,WM-CRE-07-30K-BR,"Dark Bronze",3000K
WM-CRE-07,WM-CRE-07-30K-SIL,Silver,3000K
WM-CRE-07,WM-CRE-07-40K-BR,"Dark Bronze",4000K
WM-CRE-07,WM-CRE-07-40K-SIL,Silver,4000K
WM-CRE-07,WM-CRE-07-50K-BR,"Dark Bronze",5000K
WM-CRE-07,WM-CRE-07-50K-SIL,Silver,5000K
WM-CRE-10,WM-CRE-10-30K-BR,"Dark Bronze",3000K
WM-CRE-10,WM-CRE-10-30K-SIL,Silver,3000K
WM-CRE-10,WM-CRE-10-40K-BR,"Dark Bronze",4000K
WM-CRE-10,WM-CRE-10-40K-SIL,Silver,4000K
WM-CRE-10,WM-CRE-10-50K-BR,"Dark Bronze",5000K
WM-CRE-10,WM-CRE-10-50K-SIL,Silver,5000K
WM-CRE-04,WM-CRE-04-30K-BR,Bronze,3000K
WM-CRE-04,WM-CRE-04-30K-SIL,Silver,3000K
WM-CRE-04,WM-CRE-04-40K-BR,Bronze,4000K
WM-CRE-04,WM-CRE-04-40K-SIL,Silver,4000K
WM-CRE-04,WM-CRE-04-50K-BR,Bronze,5000K
WM-CRE-04,WM-CRE-04-50K-SIL,Silver,5000K
WM-CRE-05,WM-CRE-05-30K-BR,Bronze,3000K
WM-CRE-05,WM-CRE-05-30K-SIL,Silver,3000K
WM-CRE-05,WM-CRE-05-40K-BR,Bronze,4000K
WM-CRE-05,WM-CRE-05-40K-SIL,Silver,4000K
WM-CRE-05,WM-CRE-05-50K-BR,Bronze,5000K
WM-CRE-05,WM-CRE-05-50K-SIL,Silver,5000K
WM-CRE-HL20-01,WM-CRE-HL20-01-30K-BR,Bronze,3000K
WM-CRE-HL20-01,WM-CRE-HL20-01-30K-SIL,Silver,3000K
WM-CRE-HL20-01,WM-CRE-HL20-01-40K-BR,Bronze,4000K
WM-CRE-HL20-01,WM-CRE-HL20-01-40K-SIL,Silver,4000K
WM-CRE-HL20-01,WM-CRE-HL20-01-50K-BR,Bronze,5000K
WM-CRE-HL20-01,WM-CRE-HL20-01-50K-SIL,Silver,5000K
WM-CRE-HL20-02,WM-CRE-HL20-02-30K-BR,Bronze,3000K
WM-CRE-HL20-02,WM-CRE-HL20-02-30K-SIL,Silver,3000K
WM-CRE-HL20-02,WM-CRE-HL20-02-40K-BR,Bronze,4000K
WM-CRE-HL20-02,WM-CRE-HL20-02-40K-SIL,Silver,4000K
WM-CRE-HL20-02,WM-CRE-HL20-02-50K-BR,Bronze,5000K
WM-CRE-HL20-02,WM-CRE-HL20-02-50K-SIL,Silver,5000K
WM-CRE-HL20-03,WM-CRE-HL20-03-30K-BR,Bronze,3000K
WM-CRE-HL20-03,WM-CRE-HL20-03-30K-SIL,Silver,3000K
WM-CRE-HL20-03,WM-CRE-HL20-03-40K-BR,Bronze,4000K
WM-CRE-HL20-03,WM-CRE-HL20-03-40K-SIL,Silver,4000K
WM-CRE-HL20-03,WM-CRE-HL20-03-50K-BR,Bronze,5000K
WM-CRE-HL20-03,WM-CRE-HL20-03-50K-SIL,Silver,5000K
WM-CRE-HL20-04,WM-CRE-HL20-04-30K-BR,Bronze,3000K
WM-CRE-HL20-04,WM-CRE-HL20-04-30K-SIL,Silver,3000K
WM-CRE-HL20-04,WM-CRE-HL20-04-40K-BR,Bronze,4000K
WM-CRE-HL20-04,WM-CRE-HL20-04-40K-SIL,Silver,4000K
WM-CRE-HL20-04,WM-CRE-HL20-04-50K-BR,Bronze,5000K
WM-CRE-HL20-04,WM-CRE-HL20-04-50K-SIL,Silver,5000K
WM-CRE-HL20-05,WM-CRE-HL20-05-30K-BR,Bronze,3000K
WM-CRE-HL20-05,WM-CRE-HL20-05-30K-SIL,Silver,3000K
WM-CRE-HL20-05,WM-CRE-HL20-05-40K-BR,Bronze,4000K
WM-CRE-HL20-05,WM-CRE-HL20-05-40K-SIL,Silver,4000K
WM-CRE-HL20-05,WM-CRE-HL20-05-50K-BR,Bronze,5000K
WM-CRE-HL20-05,WM-CRE-HL20-05-50K-SIL,Silver,5000K
WM-CRE-HL20-06,WM-CRE-HL20-06-30K-BR,Bronze,3000K
WM-CRE-HL20-06,WM-CRE-HL20-06-30K-SIL,Silver,3000K
WM-CRE-HL20-06,WM-CRE-HL20-06-40K-BR,Bronze,4000K
WM-CRE-HL20-06,WM-CRE-HL20-06-40K-SIL,Silver,4000K
WM-CRE-HL20-06,WM-CRE-HL20-06-50K-BR,Bronze,5000K
WM-CRE-HL20-06,WM-CRE-HL20-06-50K-SIL,Silver,5000K
WM-CRE-HL20-07,WM-CRE-HL20-07-30K-BR,Bronze,3000K
WM-CRE-HL20-07,WM-CRE-HL20-07-30K-SIL,Silver,3000K
WM-CRE-HL20-07,WM-CRE-HL20-07-40K-BR,Bronze,4000K
WM-CRE-HL20-07,WM-CRE-HL20-07-40K-SIL,Silver,4000K
WM-CRE-HL20-07,WM-CRE-HL20-07-50K-BR,Bronze,5000K
WM-CRE-HL20-07,WM-CRE-HL20-07-50K-SIL,Silver,5000K
WM-CRE-HL20-08,WM-CRE-HL20-08-30K-BR,Bronze,3000K
WM-CRE-HL20-08,WM-CRE-HL20-08-30K-SIL,Silver,3000K
WM-CRE-HL20-08,WM-CRE-HL20-08-40K-BR,Bronze,4000K
WM-CRE-HL20-08,WM-CRE-HL20-08-40K-SIL,Silver,4000K
WM-CRE-HL20-08,WM-CRE-HL20-08-50K-BR,Bronze,5000K
WM-CRE-HL20-08,WM-CRE-HL20-08-50K-SIL,Silver,5000K
WM-CRE-HL20-10,WM-CRE-HL20-10-30K-BR,Bronze,3000K
WM-CRE-HL20-10,WM-CRE-HL20-10-30K-SIL,Silver,3000K
WM-CRE-HL20-10,WM-CRE-HL20-10-40K-BR,Bronze,4000K
WM-CRE-HL20-10,WM-CRE-HL20-10-40K-SIL,Silver,4000K
WM-CRE-HL20-10,WM-CRE-HL20-10-50K-BR,Bronze,5000K
WM-CRE-HL20-10,WM-CRE-HL20-10-50K-SIL,Silver,5000K
WM-CRES-52,WM-CRES-52-30K-BR,Bronze,3000K
WM-CRES-52,WM-CRES-52-30K-SIL,Silver,3000K
WM-CRES-52,WM-CRES-52-40K-BR,Bronze,4000K
WM-CRES-52,WM-CRES-52-40K-SIL,Silver,4000K
WM-CRES-52,WM-CRES-52-50K-BR,Bronze,5000K
WM-CRES-52,WM-CRES-52-50K-SIL,Silver,5000K
LLL-LL4RR,LLL-LL4RR-27K-WH,White,2700K
LLL-LL4RR,LLL-LL4RR-30K-WH,Black,2700K
LLL-LL4RR,LLL-LL4RR-40K-WH,White,3000K
LLL-LL4RR,LLL-LL4RR-27K-BK,Black,3000K
LLL-LL4RR,LLL-LL4RR-30K-BK,White,4000K
LLL-LL4RR,LLL-LL4RR-40K-BK,Black,4000K
LLL-LB4R,LLL-LB4R-30-WH,White,3000K
LLL-LB4R,LLL-LB4R-30-BL,Black,3000K
LLL-LB4R,LLL-LB4R-41-WH,White,4100K
LLL-LB4R,LLL-LB4R-41-BL,Black,4100K
WM-PL120ADJ,WM-PL120ADJ-30K-BK,Black,3000K
WM-PL120ADJ,WM-PL120ADJ-30K-BN,"Brushed Nickel",3000K
WM-PL120ADJ,WM-PL120ADJ-30K-WH,White,3000K
WM-PL120ADJ,WM-PL120ADJ-40K-BK,Black,4000K
WM-PL120ADJ,WM-PL120ADJ-40K-BN,"Brushed Nickel",4000K
WM-PL120ADJ,WM-PL120ADJ-40K-WH,White,4000K
WM-PL120ADJ,WM-PL120ADJ-50K-BK,Black,5000K
WM-PL120ADJ,WM-PL120ADJ-50K-BN,"Brushed Nickel",5000K
WM-PL120ADJ,WM-PL120ADJ-50K-WH,White,5000K
WM-PL120ADJ-3KIT,WM-PL120ADJ-3KIT-30K-BK,Black,3000K
WM-PL120ADJ-3KIT,WM-PL120ADJ-3KIT-30K-BN,"Brushed Nickel",3000K
WM-PL120ADJ-3KIT,WM-PL120ADJ-3KIT-30K-WH,White,3000K
WM-PL120ADJ-3KIT,WM-PL120ADJ-3KIT-40K-BK,Black,4000K
WM-PL120ADJ-3KIT,WM-PL120ADJ-3KIT-40K-BN,"Brushed Nickel",4000K
WM-PL120ADJ-3KIT,WM-PL120ADJ-3KIT-40K-WH,White,4000K
WM-PL120ADJ-3KIT,WM-PL120ADJ-3KIT-50K-BK,Black,5000K
WM-PL120ADJ-3KIT,WM-PL120ADJ-3KIT-50K-BN,"Brushed Nickel",5000K
WM-PL120ADJ-3KIT,WM-PL120ADJ-3KIT-50K-WH,White,5000K
LLL-LL4R,LLL-LL4R-27K-WH,White,2700K
LLL-LL4R,LLL-LL4R-27K-BK,Black,2700K
LLL-LL4R,LLL-LL4R-30K-WH,White,3000K
LLL-LL4R,LLL-LL4R-30K-BK,Black,3000K
LLL-LL4R,LLL-LL4R-40K-WH,White,4000K
LLL-LL4R,LLL-LL4R-40K-BK,Black,4000K
LLL-LL4R,LLL-LL4R-50K-WH,White,5000K
LLL-LL4R,LLL-LL4R-50K-BK,Black,5000K
LLL-LL4R,LLL-LL4R-27K-BN,"Brushed Nickel",2700K
LLL-LL4R,LLL-LL4R-27K-BC,"Brushed Copper",2700K
LLL-LL4R,LLL-LL4R-30K-BN,"Brushed Nickel",3000K
LLL-LL4R,LLL-LL4R-30K-BC,"Brushed Copper",3000K
LLL-LL4R,LLL-LL4R-40K-BN,"Brushed Nickel",4000K
LLL-LL4R,LLL-LL4R-40K-BC,"Brushed Copper",4000K
LLL-LL4R,LLL-LL4R-50K-BN,"Brushed Nickel",5000K
LLL-LL4R,LLL-LL4R-50K-BC,"Brushed Copper",5000K
LLL-LL4S,LLL-LL4S-27K-WH,White,2700K
LLL-LL4S,LLL-LL4S-27K-BK,Black,2700K
LLL-LL4S,LLL-LL4S-30K-WH,White,3000K
LLL-LL4S,LLL-LL4S-30K-BK,Black,3000K
LLL-LL4S,LLL-LL4S-40K-WH,White,4000K
LLL-LL4S,LLL-LL4S-40K-BK,Black,4000K
WM-SL-30W-D,WM-SL-30W-30K-BZ-D,Bronze,3000K
WM-SL-30W-D,WM-SL-30W-30K-WH-D,White,3000K
WM-SL-30W-D,WM-SL-30W-50K-BZ-D,Bronze,5000K
WM-SL-30W-D,WM-SL-30W-50K-WH-D,White,5000K
WM-SL-40W,WM-SL-40W-30K-WH-D,White,3000K
WM-SL-40W,WM-SL-40W-30K-BZ-D,Bronze,3000K
WM-SL-40W,WM-SL-40W-50K-WH-D,White,5000K
WM-SL-40W,WM-SL-40W-50K-BZ-D,Bronze,5000K
LLL-LY41RCD,LLL-LY41RCD-30K-WH,White,3000K
LLL-LY41RCD,LLL-LY41RCD-30K-BK,Black,3000K
LLL-LY41RCD,LLL-LY41RCD-30K-BN,"Brushed Nickel",3000K
LLL-LY41RCD,LLL-LY41RCD-41K-WH,White,4100K
LLL-LY41RCD,LLL-LY41RCD-41K-BK,Black,4100K
LLL-LY41RCD,LLL-LY41RCD-41K-BN,"Brushed Nickel",4100K
WM-SL-28W-D,WM-SL-28W-30K-BZ-D,Bronze,3000K
WM-SL-28W-D,WM-SL-28W-30K-WH-D,White,3000K
WM-SL-28W-D,WM-SL-28W-50K-BZ-D,Bronze,5000K
WM-SL-28W-D,WM-SL-28W-50K-WH-D,White,5000K
WM-CRLC4-20W-S,WM-CRLC4-20W-30K-S-D,Haze,3000K
WM-CRLC4-20W-S,WM-CRLC4-20W-30K-S-D-WH,White,3000K
WM-CRLC4-20W-S,WM-CRLC4-20W-40K-S-D,Haze,4000K
WM-CRLC4-20W-S,WM-CRLC4-20W-40K-S-D-WH,White,4000K
WM-CRLC4-20W-S,WM-CRLC4-20W-50K-S-D,Haze,5000K
WM-CRLC4-20W-S,WM-CRLC4-20W-50K-S-D-WH,White,5000K
TF-CLLLBF96L,TF-CLLLBF96LU36WD54WDMV-30KSA-HC705WH,"Satin Aluminum",3000K
TF-CLLLBF96L,TF-CLLLBF96LU36WD54WDMV-30KWH-HC705WH,White,3000K
TF-CLLLBF96L,TF-CLLLBF96LU36WD54WDMV-40KSA-HC705WH,"Satin Aluminum",4000K
TF-CLLLBF96L,TF-CLLLBF96LU36WD54WDMV-40KWH-HC705WH,White,4000K
TF-CLLLBF144L,TF-CLLLBF144LU54WD81WDMV-30KSA-HC705WH,"Satin Aluminum",3000K
TF-CLLLBF144L,TF-CLLLBF144LU54WD81WDMV-30KWH-HC705WH,White,3000K
TF-CLLLBF144L,TF-CLLLBF144LU54WD81WDMV-40KSA-HC705WH,"Satin Aluminum",4000K
TF-CLLLBF144L,TF-CLLLBF144LU54WD81WDMV-40KWH-HC705WH,White,4000K
WM-LRD-10W-4WTRPH,WM-LRD-10W-27K-4WTRPH-WH,White,2700K
WM-LRD-10W-4WTRPH,WM-LRD-10W-27K-4WTRPH-BK,Black,2700K
WM-LRD-10W-4WTRPH,WM-LRD-10W-30K-4WTRPH-WH,White,3000K
WM-LRD-10W-4WTRPH,WM-LRD-10W-30K-4WTRPH-BK,Black,3000K
WM-LRD-10W-4WTRPH,WM-LRD-10W-35K-4WTRPH-WH,White,3500K
WM-LRD-10W-4WTRPH,WM-LRD-10W-35K-4WTRPH-BK,Black,3500K
WM-LRD-10W-4WTRPH,WM-LRD-10W-40K-4WTRPH-WH,White,4000K
WM-LRD-10W-4WTRPH,WM-LRD-10W-40K-4WTRPH-BK,Black,4000K
WM-LRD-10W-4WTRPH,WM-LRD-10W-50K-4WTRPH-WH,White,5000K
WM-LRD-10W-4WTRPH,WM-LRD-10W-50K-4WTRPH-BK,Black,5000K
WM-LRD-10W-4WTRSL,WM-LRD-10W-27K-4WTRSL-WH,White,2700K
WM-LRD-10W-4WTRSL,WM-LRD-10W-27K-4WTRSL-BK,Black,2700K
WM-LRD-10W-4WTRSL,WM-LRD-10W-30K-4WTRSL-WH,White,3000K
WM-LRD-10W-4WTRSL,WM-LRD-10W-30K-4WTRSL-BK,Black,3000K
WM-LRD-10W-4WTRSL,WM-LRD-10W-35K-4WTRSL-WH,White,3500K
WM-LRD-10W-4WTRSL,WM-LRD-10W-35K-4WTRSL-BK,Black,3500K
WM-LRD-10W-4WTRSL,WM-LRD-10W-40K-4WTRSL-WH,White,4000K
WM-LRD-10W-4WTRSL,WM-LRD-10W-40K-4WTRSL-BK,Black,4000K
WM-LRD-10W-4WTRSL,WM-LRD-10W-50K-4WTRSL-WH,White,5000K
WM-LRD-10W-4WTRSL,WM-LRD-10W-50K-4WTRSL-BK,Black,5000K
WM-LRD-TL-10W-4R,WM-LRD-TL-10W-27K-4R-WH,White,2700K
WM-LRD-TL-10W-4R,WM-LRD-TL-10W-27K-4R-BK,Black,2700K
WM-LRD-TL-10W-4R,WM-LRD-TL-10W-27K-4R-C,Clear,2700K
WM-LRD-TL-10W-4R,WM-LRD-TL-10W-27K-4R-MG,"Matte Gold",2700K
WM-LRD-TL-10W-4R,WM-LRD-TL-10W-27K-4R-HZ,"Matte Silver",2700K
WM-LRD-TL-10W-4R,WM-LRD-TL-10W-30K-4R-WH,White,3000K
WM-LRD-TL-10W-4R,WM-LRD-TL-10W-30K-4R-BK,Black,3000K
WM-LRD-TL-10W-4R,WM-LRD-TL-10W-30K-4R-C,Clear,3000K
WM-LRD-TL-10W-4R,WM-LRD-TL-10W-30K-4R-MG,"Matte Gold",3000K
WM-LRD-TL-10W-4R,WM-LRD-TL-10W-30K-4R-HZ,"Matte Silver",3000K
WM-LRD-TL-10W-4R,WM-LRD-TL-10W-35K-4R-WH,White,3500K
WM-LRD-TL-10W-4R,WM-LRD-TL-10W-35K-4R-BK,Black,3500K
WM-LRD-TL-10W-4R,WM-LRD-TL-10W-35K-4R-C,Clear,3500K
WM-LRD-TL-10W-4R,WM-LRD-TL-10W-35K-4R-MG,"Matte Gold",3500K
WM-LRD-TL-10W-4R,WM-LRD-TL-10W-35K-4R-HZ,"Matte Silver",3500K
WM-LRD-TL-10W-4R,WM-LRD-TL-10W-40K-4R-WH,White,4000K
WM-LRD-TL-10W-4R,WM-LRD-TL-10W-40K-4R-BK,Black,4000K
WM-LRD-TL-10W-4R,WM-LRD-TL-10W-40K-4R-C,Clear,4000K
WM-LRD-TL-10W-4R,WM-LRD-TL-10W-40K-4R-MG,"Matte Gold",4000K
WM-LRD-TL-10W-4R,WM-LRD-TL-10W-40K-4R-HZ,"Matte Silver",4000K
WM-LRD-TL-10W-4R,WM-LRD-TL-10W-50K-4R-WH,White,5000K
WM-LRD-TL-10W-4R,WM-LRD-TL-10W-50K-4R-BK,Black,5000K
WM-LRD-TL-10W-4R,WM-LRD-TL-10W-50K-4R-C,Clear,5000K
WM-LRD-TL-10W-4R,WM-LRD-TL-10W-50K-4R-MG,"Matte Gold",5000K
WM-LRD-TL-10W-4R,WM-LRD-TL-10W-50K-4R-HZ,"Matte Silver",5000K
WM-LRD-TL-10W-4S,WM-LRD-TL-10W-27K-4S-WH,White,2700K
WM-LRD-TL-10W-4S,WM-LRD-TL-10W-27K-4S-BK,Black,2700K
WM-LRD-TL-10W-4S,WM-LRD-TL-10W-27K-4S-C,Clear,2700K
WM-LRD-TL-10W-4S,WM-LRD-TL-10W-27K-4S-MG,"Matte Gold",2700K
WM-LRD-TL-10W-4S,WM-LRD-TL-10W-27K-4S-HZ,"Matte Silver",2700K
WM-LRD-TL-10W-4S,WM-LRD-TL-10W-30K-4S-WH,White,3000K
WM-LRD-TL-10W-4S,WM-LRD-TL-10W-30K-4S-BK,Black,3000K
WM-LRD-TL-10W-4S,WM-LRD-TL-10W-30K-4S-C,Clear,3000K
WM-LRD-TL-10W-4S,WM-LRD-TL-10W-30K-4S-MG,"Matte Gold",3000K
WM-LRD-TL-10W-4S,WM-LRD-TL-10W-30K-4S-HZ,"Matte Silver",3000K
WM-LRD-TL-10W-4S,WM-LRD-TL-10W-35K-4S-WH,White,3500K
WM-LRD-TL-10W-4S,WM-LRD-TL-10W-35K-4S-BK,Black,3500K
WM-LRD-TL-10W-4S,WM-LRD-TL-10W-35K-4S-C,Clear,3500K
WM-LRD-TL-10W-4S,WM-LRD-TL-10W-35K-4S-MG,"Matte Gold",3500K
WM-LRD-TL-10W-4S,WM-LRD-TL-10W-35K-4S-HZ,"Matte Silver",3500K
WM-LRD-TL-10W-4S,WM-LRD-TL-10W-40K-4S-WH,White,4000K
WM-LRD-TL-10W-4S,WM-LRD-TL-10W-40K-4S-BK,Black,4000K
WM-LRD-TL-10W-4S,WM-LRD-TL-10W-40K-4S-C,Clear,4000K
WM-LRD-TL-10W-4S,WM-LRD-TL-10W-40K-4S-MG,"Matte Gold",4000K
WM-LRD-TL-10W-4S,WM-LRD-TL-10W-40K-4S-HZ,"Matte Silver",4000K
WM-LRD-TL-10W-4S,WM-LRD-TL-10W-50K-4S-WH,White,5000K
WM-LRD-TL-10W-4S,WM-LRD-TL-10W-50K-4S-BK,Black,5000K
WM-LRD-TL-10W-4S,WM-LRD-TL-10W-50K-4S-C,Clear,5000K
WM-LRD-TL-10W-4S,WM-LRD-TL-10W-50K-4S-MG,"Matte Gold",5000K
WM-LRD-TL-10W-4S,WM-LRD-TL-10W-50K-4S-HZ,"Matte Silver",5000K
WM-LRD-10W-WTR,WM-LRD-10W-27K-WTR-WH,White,2700K
WM-LRD-10W-WTR,WM-LRD-10W-27K-WTR-BK,Black,2700K
WM-LRD-10W-WTR,WM-LRD-10W-27K-WTR-C,Clear,2700K
WM-LRD-10W-WTR,WM-LRD-10W-27K-WTR-HZ,"Matte SIlver",2700K
WM-LRD-10W-WTR,WM-LRD-10W-27K-WTR-MG,"Matte Gold",2700K
WM-LRD-10W-WTR,WM-LRD-10W-30K-WTR-WH,White,3000K
WM-LRD-10W-WTR,WM-LRD-10W-30K-WTR-BK,Black,3000K
WM-LRD-10W-WTR,WM-LRD-10W-30K-WTR-C,Clear,3000K
WM-LRD-10W-WTR,WM-LRD-10W-30K-WTR-HZ,"Matte SIlver",3000K
WM-LRD-10W-WTR,WM-LRD-10W-30K-WTR-MG,"Matte Gold",3000K
WM-LRD-10W-WTR,WM-LRD-10W-35K-WTR-WH,White,3500K
WM-LRD-10W-WTR,WM-LRD-10W-35K-WTR-BK,Black,3500K
WM-LRD-10W-WTR,WM-LRD-10W-35K-WTR-C,Clear,3500K
WM-LRD-10W-WTR,WM-LRD-10W-35K-WTR-HZ,"Matte SIlver",3500K
WM-LRD-10W-WTR,WM-LRD-10W-35K-WTR-MG,"Matte Gold",3500K
WM-LRD-10W-WTR,WM-LRD-10W-40K-WTR-WH,White,4000K
WM-LRD-10W-WTR,WM-LRD-10W-40K-WTR-BK,Black,4000K
WM-LRD-10W-WTR,WM-LRD-10W-40K-WTR-C,Clear,4000K
WM-LRD-10W-WTR,WM-LRD-10W-40K-WTR-HZ,"Matte SIlver",4000K
WM-LRD-10W-WTR,WM-LRD-10W-40K-WTR-MG,"Matte Gold",4000K
WM-LRD-10W-WTR,WM-LRD-10W-50K-WTR-WH,White,5000K
WM-LRD-10W-WTR,WM-LRD-10W-50K-WTR-BK,Black,5000K
WM-LRD-10W-WTR,WM-LRD-10W-50K-WTR-C,Clear,5000K
WM-LRD-10W-WTR,WM-LRD-10W-50K-WTR-HZ,"Matte SIlver",5000K
WM-LRD-10W-WTR,WM-LRD-10W-50K-WTR-MG,"Matte Gold",5000K
WM-CRLC4-20W-SA,WM-CRLC4-20W-30K-SA-D,Haze,3000K
WM-CRLC4-20W-SA,WM-CRLC4-20W-30K-SA-D-WH,White,3000K
WM-CRLC4-20W-SA,WM-CRLC4-20W-40K-SA-D,Haze,4000K
WM-CRLC4-20W-SA,WM-CRLC4-20W-40K-SA-D-WH,White,4000K
WM-CRLC4-20W-SA,WM-CRLC4-20W-50K-SA-D,Haze,5000K
WM-CRLC4-20W-SA,WM-CRLC4-20W-50K-SA-D-WH,White,5000K
WM-LRD-7W-3WTRSL,WM-LRD-7W-27K-3WTRSL-WH,White,2700K
WM-LRD-7W-3WTRSL,WM-LRD-7W-27K-3WTRSL-BK,Black,2700K
WM-LRD-7W-3WTRSL,WM-LRD-7W-50K-3WTRSL-WH,White,5000K
WM-LRD-7W-3WTRSL,WM-LRD-7W-50K-3WTRSL-BK,Black,5000K
WM-LRD-7W-3WTRPH,WM-LRD-7W-27K-3WTRPH-BK,Black,2700K
WM-LRD-7W-3WTRPH,WM-LRD-7W-27K-3WTRPH-WH,White,2700K
WM-LRD-7W-3WTRPH,WM-LRD-7W-50K-3WTRPH-BK,Black,5000K
WM-LRD-7W-3WTRPH,WM-LRD-7W-50K-3WTRPH-WH,White,5000K
WM-LRD-7W-27K-4WTRPH,WM-LRD-7W-27K-4WTRPH-27-BK,Black,2700K
WM-LRD-7W-27K-4WTRPH,WM-LRD-7W-27K-4WTRPH-27-WH,White,2700K
WM-LRD-7W-27K-4WTRPH,WM-LRD-7W-27K-4WTRPH-50-BK,Black,5000K
WM-LRD-7W-27K-4WTRPH,WM-LRD-7W-27K-4WTRPH-50-WH,White,5000K
WM-LRD-7W-4WTR,WM-LRD-7W-27K-4WTR-WH,White,2700K
WM-LRD-7W-4WTR,WM-LRD-7W-27K-4WTR-BK,Black,2700K
WM-LRD-7W-4WTR,WM-LRD-7W-27K-4WTR-C,Clear,2700K
WM-LRD-7W-4WTR,WM-LRD-7W-27K-4WTR-MG,"Matte Gold",2700K
WM-LRD-7W-4WTR,WM-LRD-7W-27K-4WTR-HZ,"Matte Silver",2700K
WM-LRD-7W-4WTR,WM-LRD-7W-50K-4WTR-WH,White,5000K
WM-LRD-7W-4WTR,WM-LRD-7W-50K-4WTR-BK,Black,5000K
WM-LRD-7W-4WTR,WM-LRD-7W-50K-4WTR-C,Clear,5000K
WM-LRD-7W-4WTR,WM-LRD-7W-50K-4WTR-MG,"Matte Gold",5000K
WM-LRD-7W-4WTR,WM-LRD-7W-50K-4WTR-HZ,"Matte Silver",5000K
WM-LRD-7W-4WTRPH,WM-LRD-7W-27K-4WTRPH-WH,White,2700K
WM-LRD-7W-4WTRPH,WM-LRD-7W-27K-4WTRPH-BK,Black,2700K
WM-LRD-7W-4WTRPH,WM-LRD-7W-50K-4WTRPH-WH,White,5000K
WM-LRD-7W-4WTRPH,WM-LRD-7W-50K-4WTRPH-BK,Black,5000K
WM-LRD-10W-3WTRSL,WM-LRD-10W-27K-3WTRSL-BK,Black,2700K
WM-LRD-10W-3WTRSL,WM-LRD-10W-27K-3WTRSL-WH,White,2700K
WM-LRD-10W-3WTRSL,WM-LRD-10W-50K-3WTRSL-BK,Black,5000K
WM-LRD-10W-3WTRSL,WM-LRD-10W-50K-3WTRSL-WH,White,5000K
WM-LRD-7W-3WTR,WM-LRD-7W-3WTR-27K-WH,White,2700K
WM-LRD-7W-3WTR,WM-LRD-7W-3WTR-27K-BK,Black,2700K
WM-LRD-7W-3WTR,WM-LRD-7W-3WTR-27K-HZ,"Matte Silver",2700K
WM-LRD-7W-3WTR,WM-LRD-7W-3WTR-27K-MG,"Matte Gold",2700K
WM-LRD-7W-3WTR,WM-LRD-7W-3WTR-27K-C,Clear,2700K
WM-LRD-7W-3WTR,WM-LRD-7W-3WTR-50K-WH,White,5000K
WM-LRD-7W-3WTR,WM-LRD-7W-3WTR-50K-BK,Black,5000K
WM-LRD-7W-3WTR,WM-LRD-7W-3WTR-50K-HZ,"Matte Silver",5000K
WM-LRD-7W-3WTR,WM-LRD-7W-3WTR-50K-MG,"Matte Gold",5000K
WM-LRD-7W-3WTR,WM-LRD-7W-3WTR-50K-C,Clear,5000K
WM-CRLC6-20W-S,WM-CRLC6-20W-30K-S-D,Haze,3000K
WM-CRLC6-20W-S,WM-CRLC6-20W-30K-S-D-WH,White,3000K
WM-CRLC6-20W-S,WM-CRLC6-20W-40K-S-D,Haze,4000K
WM-CRLC6-20W-S,WM-CRLC6-20W-40K-S-D-WH,White,4000K
WM-CRLC6-20W-S,WM-CRLC6-20W-50K-S-D,Haze,5000K
WM-CRLC6-20W-S,WM-CRLC6-20W-50K-S-D-WH,White,5000K
